roster_id,facility_id,ward_unit,shift_date,day_of_week,shift_type,patient_census,average_acuity_score,recommended_nurse_patient_ratio,rostered_rn_count,rostered_en_count,actual_rn_count,actual_en_count,agency_staff_used,sick_leave_count,overtime_hours,actual_nurse_patient_ratio,understaffed_flag,skill_mix_pct_senior_staff
ROS-300160,FAC-001,ICU,2025-02-23,Sunday,Day,11,3.55,1.0,8,2,7,2,0,1,5.3,1.22,Yes,57.5
ROS-300176,FAC-001,ICU,2025-02-28,Friday,Evening,10,3.38,1.0,7,4,7,4,0,0,0.0,0.91,No,31.3
ROS-300184,FAC-001,ICU,2025-03-03,Monday,Day,9,2.61,1.0,6,3,6,3,0,0,0.0,1.0,No,56.0
ROS-300188,FAC-001,ICU,2025-03-04,Tuesday,Evening,10,3.58,1.0,7,3,7,3,0,0,0.7,1.0,No,30.5
ROS-300196,FAC-001,ICU,2025-03-07,Friday,Day,10,3.17,1.0,7,2,7,2,0,0,0.9,1.11,No,24.7
ROS-300253,FAC-001,ICU,2025-03-26,Wednesday,Day,8,2.76,1.0,5,3,5,3,0,0,1.4,1.0,No,53.4
ROS-300322,FAC-001,ICU,2025-04-18,Friday,Day,11,4.14,1.0,8,3,8,3,1,1,3.7,1.0,No,21.0
ROS-300371,FAC-001,ICU,2025-05-04,Sunday,Evening,8,2.34,1.0,6,2,5,2,0,1,4.0,1.14,No,29.8
ROS-300378,FAC-001,ICU,2025-05-06,Tuesday,Night,10,3.35,1.0,7,2,7,2,0,0,0.0,1.11,No,47.0
ROS-300392,FAC-001,ICU,2025-05-11,Sunday,Evening,10,3.09,1.0,7,3,7,3,0,0,1.7,1.0,No,45.4
ROS-300420,FAC-001,ICU,2025-05-20,Tuesday,Night,11,2.83,1.0,7,4,7,4,1,1,1.1,1.0,No,32.3
ROS-300423,FAC-001,ICU,2025-05-21,Wednesday,Night,7,4.01,1.0,6,3,6,3,0,0,0.0,0.78,No,35.1
ROS-300456,FAC-001,ICU,2025-06-01,Sunday,Night,10,2.1,1.0,7,3,7,3,0,0,0.0,1.0,No,46.0
ROS-300483,FAC-001,ICU,2025-06-10,Tuesday,Night,9,2.68,1.0,6,3,6,3,0,0,2.3,1.0,No,24.1
ROS-300528,FAC-001,ICU,2025-06-25,Wednesday,Night,8,1.96,1.0,6,2,6,2,1,1,1.7,1.0,No,31.4
ROS-300552,FAC-001,ICU,2025-07-03,Thursday,Night,9,3.5,1.0,6,3,5,3,0,1,0.7,1.12,No,30.2
ROS-300613,FAC-001,ICU,2025-07-24,Thursday,Day,8,2.81,1.0,5,4,5,4,0,0,0.0,0.89,No,19.9
ROS-300710,FAC-001,ICU,2025-08-25,Monday,Evening,11,2.58,1.0,9,4,7,4,0,2,7.8,1.0,No,41.4
ROS-300758,FAC-001,ICU,2025-09-10,Wednesday,Evening,7,2.46,1.0,4,3,4,3,0,0,0.0,1.0,No,26.5
ROS-300794,FAC-001,ICU,2025-09-22,Monday,Evening,10,3.41,1.0,9,1,9,1,1,1,6.0,1.0,No,46.5
ROS-300930,FAC-001,ICU,2025-11-06,Thursday,Night,9,2.21,1.0,6,2,5,2,0,1,1.0,1.29,Yes,42.5
ROS-300944,FAC-001,ICU,2025-11-11,Tuesday,Evening,9,1.8,1.0,6,2,5,2,0,1,5.4,1.29,Yes,36.3
ROS-300954,FAC-001,ICU,2025-11-14,Friday,Night,12,2.58,1.0,8,4,7,4,1,2,6.3,1.09,No,41.4
ROS-301046,FAC-001,ICU,2025-12-15,Monday,Evening,11,4.11,1.0,8,3,8,3,1,1,1.4,1.0,No,44.5
ROS-301055,FAC-001,ICU,2025-12-18,Thursday,Evening,11,4.01,1.0,9,3,9,3,0,0,1.5,0.92,No,46.6
ROS-301142,FAC-001,Surgical Ward,2025-01-16,Thursday,Evening,24,1.74,4.5,3,2,3,2,1,1,0.0,4.8,No,49.6
ROS-301155,FAC-001,Surgical Ward,2025-01-20,Monday,Night,27,1.58,4.5,3,2,2,2,0,1,0.4,6.75,Yes,24.9
ROS-301281,FAC-001,Surgical Ward,2025-03-03,Monday,Night,28,2.28,4.5,5,2,5,2,0,0,3.4,4.0,No,18.4
ROS-301293,FAC-001,Surgical Ward,2025-03-07,Friday,Night,26,1.41,4.5,4,2,3,2,0,1,2.5,5.2,Yes,50.0
ROS-301296,FAC-001,Surgical Ward,2025-03-08,Saturday,Night,27,2.28,4.5,4,2,3,2,1,2,4.9,5.4,Yes,34.8
ROS-301302,FAC-001,Surgical Ward,2025-03-10,Monday,Night,27,2.11,4.5,5,1,5,1,0,0,0.0,4.5,No,43.8
ROS-301321,FAC-001,Surgical Ward,2025-03-17,Monday,Day,28,2.85,4.5,5,2,5,2,0,0,0.0,4.0,No,37.6
ROS-301367,FAC-001,Surgical Ward,2025-04-01,Tuesday,Evening,23,2.7,4.5,4,1,4,1,0,0,2.1,4.6,No,50.8
ROS-301406,FAC-001,Surgical Ward,2025-04-14,Monday,Evening,26,2.78,4.5,4,2,4,2,0,0,0.0,4.33,No,47.2
ROS-301429,FAC-001,Surgical Ward,2025-04-22,Tuesday,Day,24,2.03,4.5,4,1,4,1,0,0,2.1,4.8,No,49.1
ROS-301505,FAC-001,Surgical Ward,2025-05-17,Saturday,Evening,30,2.75,4.5,4,3,4,3,0,0,0.0,4.29,No,42.0
ROS-301514,FAC-001,Surgical Ward,2025-05-20,Tuesday,Evening,28,1.79,4.5,4,1,4,1,0,0,0.0,5.6,Yes,56.2
ROS-301521,FAC-001,Surgical Ward,2025-05-22,Thursday,Night,23,2.24,4.5,4,1,4,1,2,2,4.7,4.6,No,48.8
ROS-301663,FAC-001,Surgical Ward,2025-07-09,Wednesday,Day,21,1.99,4.5,4,2,4,2,0,0,0.1,3.5,No,28.8
ROS-301826,FAC-001,Surgical Ward,2025-09-01,Monday,Evening,28,2.98,4.5,5,3,5,3,0,0,0.0,3.5,No,49.0
ROS-301892,FAC-001,Surgical Ward,2025-09-23,Tuesday,Evening,26,2.16,4.5,5,2,5,2,1,1,2.9,3.71,No,32.3
ROS-302086,FAC-001,Surgical Ward,2025-11-27,Thursday,Day,19,2.34,4.5,3,2,3,2,0,0,1.6,3.8,No,20.8
ROS-302107,FAC-001,Surgical Ward,2025-12-04,Thursday,Day,26,2.24,4.5,4,2,4,2,0,0,3.3,4.33,No,29.8
ROS-302136,FAC-001,Surgical Ward,2025-12-13,Saturday,Night,31,2.56,4.5,6,2,6,2,2,2,5.2,3.88,No,46.4
ROS-302207,FAC-001,Paediatric Ward,2025-01-06,Monday,Evening,17,1.63,4.0,3,1,2,1,0,1,0.1,5.67,Yes,51.9
ROS-302231,FAC-001,Paediatric Ward,2025-01-14,Tuesday,Evening,21,2.27,4.0,3,1,2,1,1,2,8.1,7.0,Yes,27.0
ROS-302242,FAC-001,Paediatric Ward,2025-01-18,Saturday,Day,24,2.22,4.0,4,1,4,1,0,0,0.0,4.8,Yes,35.2
ROS-302329,FAC-001,Paediatric Ward,2025-02-16,Sunday,Day,20,2.29,4.0,3,1,3,1,0,0,0.0,5.0,Yes,33.0
ROS-302368,FAC-001,Paediatric Ward,2025-03-01,Saturday,Day,20,1.83,4.0,4,1,4,1,1,1,2.3,4.0,No,41.6
ROS-302386,FAC-001,Paediatric Ward,2025-03-07,Friday,Day,17,2.84,4.0,3,1,3,1,1,1,2.0,4.25,No,34.0
ROS-302404,FAC-001,Paediatric Ward,2025-03-13,Thursday,Day,17,1.23,4.0,3,2,3,2,0,0,2.6,3.4,No,37.3
ROS-302420,FAC-001,Paediatric Ward,2025-03-18,Tuesday,Evening,18,1.61,4.0,3,1,3,1,0,0,0.9,4.5,No,40.8
ROS-302544,FAC-001,Paediatric Ward,2025-04-28,Monday,Night,20,2.03,4.0,3,1,2,1,1,2,2.7,6.67,Yes,47.6
ROS-302574,FAC-001,Paediatric Ward,2025-05-08,Thursday,Night,21,1.69,4.0,4,2,4,2,1,1,1.2,3.5,No,49.3
ROS-302722,FAC-001,Paediatric Ward,2025-06-27,Friday,Day,25,2.4,4.0,5,1,5,1,2,2,1.6,4.17,No,23.8
ROS-302734,FAC-001,Paediatric Ward,2025-07-01,Tuesday,Day,20,2.45,4.0,3,2,3,2,0,0,1.5,4.0,No,24.6
ROS-302808,FAC-001,Paediatric Ward,2025-07-25,Friday,Night,16,1.99,4.0,3,1,3,1,1,1,1.8,4.0,No,35.8
ROS-302814,FAC-001,Paediatric Ward,2025-07-27,Sunday,Night,19,1.66,4.0,4,2,3,2,2,3,5.2,3.8,No,44.3
ROS-302905,FAC-001,Paediatric Ward,2025-08-27,Wednesday,Day,22,1.61,4.0,4,2,4,2,1,1,1.1,3.67,No,20.0
ROS-302919,FAC-001,Paediatric Ward,2025-08-31,Sunday,Night,18,2.68,4.0,2,1,2,1,1,1,2.8,6.0,Yes,45.5
ROS-302968,FAC-001,Paediatric Ward,2025-09-17,Wednesday,Day,20,2.05,4.0,3,1,2,1,0,1,2.0,6.67,Yes,36.8
ROS-302978,FAC-001,Paediatric Ward,2025-09-20,Saturday,Evening,18,2.54,4.0,3,1,3,1,0,0,2.8,4.5,No,41.4
ROS-302997,FAC-001,Paediatric Ward,2025-09-26,Friday,Night,17,3.1,4.0,3,0,3,0,1,1,4.8,5.67,Yes,41.9
ROS-303109,FAC-001,Paediatric Ward,2025-11-03,Monday,Day,20,2.43,4.0,4,1,4,1,1,1,0.0,4.0,No,19.1
ROS-303188,FAC-001,Paediatric Ward,2025-11-29,Saturday,Evening,22,1.07,4.0,4,1,4,1,0,0,0.0,4.4,No,43.0
ROS-303192,FAC-001,Paediatric Ward,2025-11-30,Sunday,Night,15,2.32,4.0,2,1,2,1,0,0,0.4,5.0,Yes,51.8
ROS-303228,FAC-001,Paediatric Ward,2025-12-12,Friday,Night,19,2.3,4.0,4,1,4,1,1,1,2.6,3.8,No,32.6
ROS-303250,FAC-001,Paediatric Ward,2025-12-20,Saturday,Day,16,3.21,4.0,3,1,3,1,0,0,0.0,4.0,No,31.1
ROS-303295,FAC-001,Aged Care Ward,2025-01-04,Saturday,Day,40,3.37,6.0,6,2,6,2,0,0,0.0,5.0,No,38.8
ROS-303311,FAC-001,Aged Care Ward,2025-01-09,Thursday,Evening,23,2.17,6.0,3,1,3,1,0,0,0.0,5.75,No,52.8
ROS-303392,FAC-001,Aged Care Ward,2025-02-05,Wednesday,Evening,24,1.03,6.0,3,1,3,1,0,0,0.0,6.0,No,26.3
ROS-303424,FAC-001,Aged Care Ward,2025-02-16,Sunday,Day,35,2.03,6.0,4,2,4,2,1,1,0.1,5.83,No,36.4
ROS-303604,FAC-001,Aged Care Ward,2025-04-17,Thursday,Day,30,1.73,6.0,4,2,4,2,1,1,1.5,5.0,No,66.3
ROS-303630,FAC-001,Aged Care Ward,2025-04-25,Friday,Night,35,1.99,6.0,5,2,5,2,0,0,0.0,5.0,No,49.7
ROS-303723,FAC-001,Aged Care Ward,2025-05-26,Monday,Night,35,1.44,6.0,4,1,4,1,0,0,0.7,7.0,Yes,58.6
ROS-303734,FAC-001,Aged Care Ward,2025-05-30,Friday,Evening,27,2.8,6.0,3,1,3,1,0,0,0.3,6.75,No,33.1
ROS-303760,FAC-001,Aged Care Ward,2025-06-08,Sunday,Day,38,2.03,6.0,5,2,5,2,0,0,1.6,5.43,No,29.2
ROS-303810,FAC-001,Aged Care Ward,2025-06-24,Tuesday,Night,36,1.86,6.0,4,2,3,2,0,1,5.7,7.2,Yes,38.2
ROS-303840,FAC-001,Aged Care Ward,2025-07-04,Friday,Night,27,3.99,6.0,3,1,3,1,0,0,0.0,6.75,No,43.9
ROS-303855,FAC-001,Aged Care Ward,2025-07-09,Wednesday,Night,29,2.17,6.0,4,1,4,1,1,1,0.4,5.8,No,25.3
ROS-303858,FAC-001,Aged Care Ward,2025-07-10,Thursday,Night,26,1.46,6.0,2,1,2,1,0,0,0.3,8.67,Yes,45.9
ROS-303934,FAC-001,Aged Care Ward,2025-08-05,Tuesday,Day,26,2.63,6.0,3,1,3,1,0,0,0.0,6.5,No,38.4
ROS-304078,FAC-001,Aged Care Ward,2025-09-22,Monday,Day,23,3.31,6.0,3,1,3,1,0,0,0.0,5.75,No,33.3
ROS-304138,FAC-001,Aged Care Ward,2025-10-12,Sunday,Day,27,3.21,6.0,3,2,3,2,0,0,0.0,5.4,No,34.5
ROS-304161,FAC-001,Aged Care Ward,2025-10-19,Sunday,Night,32,2.04,6.0,4,1,3,1,1,2,3.2,8.0,Yes,44.8
ROS-304229,FAC-001,Aged Care Ward,2025-11-11,Tuesday,Evening,30,3.49,6.0,3,1,3,1,1,1,0.0,7.5,Yes,13.5
ROS-304231,FAC-001,Aged Care Ward,2025-11-12,Wednesday,Day,30,1.97,6.0,3,1,3,1,1,1,2.0,7.5,Yes,28.7
ROS-304278,FAC-001,Aged Care Ward,2025-11-27,Thursday,Night,31,1.15,6.0,3,1,3,1,0,0,0.6,7.75,Yes,35.8
ROS-304287,FAC-001,Aged Care Ward,2025-11-30,Sunday,Night,26,2.88,6.0,3,1,2,1,0,1,6.2,8.67,Yes,31.7
ROS-304297,FAC-001,Aged Care Ward,2025-12-04,Thursday,Day,27,2.25,6.0,3,1,3,1,0,0,0.0,6.75,No,45.4
ROS-304313,FAC-001,Aged Care Ward,2025-12-09,Tuesday,Evening,28,1.88,6.0,3,2,3,2,0,0,0.0,5.6,No,40.9
ROS-304329,FAC-001,Aged Care Ward,2025-12-14,Sunday,Night,31,1.86,6.0,3,2,2,2,0,1,1.4,7.75,Yes,43.5
ROS-304331,FAC-001,Aged Care Ward,2025-12-15,Monday,Evening,25,2.87,6.0,3,1,3,1,0,0,2.4,6.25,No,49.5
ROS-304342,FAC-001,Aged Care Ward,2025-12-19,Friday,Day,26,2.93,6.0,2,1,2,1,1,2,3.0,8.67,Yes,30.6
ROS-304353,FAC-001,Aged Care Ward,2025-12-22,Monday,Night,40,3.35,6.0,4,1,4,1,1,1,0.0,8.0,Yes,50.8
ROS-304391,FAC-002,Paediatric Ward,2025-01-04,Saturday,Evening,18,2.02,4.0,4,1,3,1,0,1,0.0,4.5,No,37.0
ROS-304406,FAC-002,Paediatric Ward,2025-01-09,Thursday,Evening,21,2.42,4.0,4,2,4,2,2,2,1.5,3.5,No,13.5
ROS-304412,FAC-002,Paediatric Ward,2025-01-11,Saturday,Evening,18,2.12,4.0,3,1,3,1,0,0,0.3,4.5,No,34.4
ROS-304413,FAC-002,Paediatric Ward,2025-01-11,Saturday,Night,21,1.38,4.0,4,2,4,2,1,1,1.6,3.5,No,51.2
ROS-304424,FAC-002,Paediatric Ward,2025-01-15,Wednesday,Evening,20,2.38,4.0,4,2,4,2,0,0,1.3,3.33,No,31.7
ROS-304526,FAC-002,Paediatric Ward,2025-02-18,Tuesday,Evening,18,2.31,4.0,3,1,3,1,0,0,0.0,4.5,No,57.0
ROS-304528,FAC-002,Paediatric Ward,2025-02-19,Wednesday,Day,19,1.19,4.0,3,1,3,1,0,0,2.9,4.75,Yes,37.4
ROS-304564,FAC-002,Paediatric Ward,2025-03-03,Monday,Day,18,1.71,4.0,3,1,3,1,0,0,0.0,4.5,No,49.3
ROS-304565,FAC-002,Paediatric Ward,2025-03-03,Monday,Evening,19,3.02,4.0,4,1,4,1,0,0,0.0,3.8,No,58.0
ROS-304599,FAC-002,Paediatric Ward,2025-03-14,Friday,Night,20,2.8,4.0,4,1,3,1,1,2,2.5,5.0,Yes,43.4
ROS-304689,FAC-002,Paediatric Ward,2025-04-13,Sunday,Night,24,3.65,4.0,5,2,5,2,0,0,0.0,3.43,No,46.6
ROS-304741,FAC-002,Paediatric Ward,2025-05-01,Thursday,Day,19,1.65,4.0,4,1,4,1,0,0,0.0,3.8,No,39.7
ROS-304767,FAC-002,Paediatric Ward,2025-05-09,Friday,Night,17,2.97,4.0,3,1,3,1,0,0,0.0,4.25,No,40.0
ROS-304775,FAC-002,Paediatric Ward,2025-05-12,Monday,Evening,25,1.0,4.0,4,2,4,2,0,0,2.0,4.17,No,31.8
ROS-304803,FAC-002,Paediatric Ward,2025-05-21,Wednesday,Night,18,2.6,4.0,3,1,2,1,0,1,3.6,6.0,Yes,27.2
ROS-304907,FAC-002,Paediatric Ward,2025-06-25,Wednesday,Evening,20,2.61,4.0,4,2,4,2,0,0,0.0,3.33,No,26.5
ROS-304914,FAC-002,Paediatric Ward,2025-06-27,Friday,Night,20,1.76,4.0,3,2,2,2,1,2,2.8,5.0,Yes,43.5
ROS-304960,FAC-002,Paediatric Ward,2025-07-13,Sunday,Day,12,2.56,4.0,3,1,3,1,0,0,3.0,3.0,No,43.7
ROS-305015,FAC-002,Paediatric Ward,2025-07-31,Thursday,Evening,19,2.23,4.0,3,1,3,1,0,0,0.0,4.75,Yes,27.9
ROS-305029,FAC-002,Paediatric Ward,2025-08-05,Tuesday,Day,18,2.42,4.0,3,1,3,1,0,0,0.0,4.5,No,34.0
ROS-305040,FAC-002,Paediatric Ward,2025-08-08,Friday,Night,22,2.01,4.0,5,2,5,2,0,0,0.0,3.14,No,42.4
ROS-305091,FAC-002,Paediatric Ward,2025-08-25,Monday,Night,18,3.8,4.0,3,1,2,1,0,1,0.0,6.0,Yes,47.6
ROS-305105,FAC-002,Paediatric Ward,2025-08-30,Saturday,Evening,21,2.1,4.0,3,1,3,1,0,0,0.0,5.25,Yes,48.7
ROS-305115,FAC-002,Paediatric Ward,2025-09-02,Tuesday,Night,13,2.88,4.0,2,1,1,1,0,1,10.3,6.5,Yes,31.9
ROS-305173,FAC-002,Paediatric Ward,2025-09-22,Monday,Day,20,2.28,4.0,4,2,4,2,0,0,0.5,3.33,No,53.8
ROS-305200,FAC-002,Paediatric Ward,2025-10-01,Wednesday,Day,17,2.88,4.0,3,1,3,1,0,0,0.0,4.25,No,48.8
ROS-305227,FAC-002,Paediatric Ward,2025-10-10,Friday,Day,23,1.63,4.0,4,2,4,2,1,1,0.0,3.83,No,40.5
ROS-305236,FAC-002,Paediatric Ward,2025-10-13,Monday,Day,14,1.97,4.0,2,1,2,1,0,0,2.7,4.67,Yes,49.3
ROS-305257,FAC-002,Paediatric Ward,2025-10-20,Monday,Day,16,2.1,4.0,3,1,3,1,0,0,2.7,4.0,No,47.9
ROS-305295,FAC-002,Paediatric Ward,2025-11-01,Saturday,Night,22,2.63,4.0,4,1,4,1,0,0,0.3,4.4,No,33.4
ROS-305316,FAC-002,Paediatric Ward,2025-11-08,Saturday,Night,15,1.55,4.0,3,1,3,1,0,0,0.0,3.75,No,36.4
ROS-305369,FAC-002,Paediatric Ward,2025-11-26,Wednesday,Evening,18,2.34,4.0,3,0,3,0,2,2,3.6,6.0,Yes,48.6
ROS-305399,FAC-002,Paediatric Ward,2025-12-06,Saturday,Evening,19,2.02,4.0,4,1,4,1,2,2,3.4,3.8,No,39.7
ROS-305416,FAC-002,Paediatric Ward,2025-12-12,Friday,Day,20,2.5,4.0,3,1,3,1,1,1,4.1,5.0,Yes,43.4
ROS-305460,FAC-002,Paediatric Ward,2025-12-26,Friday,Night,17,3.32,4.0,3,1,3,1,1,1,2.5,4.25,No,40.8
ROS-305464,FAC-002,Paediatric Ward,2025-12-28,Sunday,Day,17,2.58,4.0,3,1,3,1,0,0,0.0,4.25,No,59.1
ROS-305467,FAC-002,Paediatric Ward,2025-12-29,Monday,Day,20,2.43,4.0,4,2,4,2,0,0,4.4,3.33,No,37.2
ROS-305521,FAC-002,Rehabilitation Ward,2025-01-16,Thursday,Day,22,1.28,6.0,4,1,4,1,1,1,2.5,4.4,No,38.6
ROS-305600,FAC-002,Rehabilitation Ward,2025-02-11,Tuesday,Evening,19,1.66,6.0,2,1,2,1,1,1,4.2,6.33,No,33.0
ROS-305639,FAC-002,Rehabilitation Ward,2025-02-24,Monday,Evening,26,2.85,6.0,4,2,4,2,0,0,2.2,4.33,No,39.0
ROS-305816,FAC-002,Rehabilitation Ward,2025-04-24,Thursday,Evening,25,2.37,6.0,3,1,3,1,0,0,0.0,6.25,No,42.2
ROS-305849,FAC-002,Rehabilitation Ward,2025-05-05,Monday,Evening,26,2.95,6.0,3,1,2,1,0,1,3.9,8.67,Yes,38.3
ROS-305865,FAC-002,Rehabilitation Ward,2025-05-10,Saturday,Night,21,2.47,6.0,3,1,3,1,0,0,1.3,5.25,No,37.7
ROS-305884,FAC-002,Rehabilitation Ward,2025-05-17,Saturday,Day,26,2.73,6.0,3,1,3,1,1,1,2.9,6.5,No,29.4
ROS-305892,FAC-002,Rehabilitation Ward,2025-05-19,Monday,Night,28,2.22,6.0,4,1,4,1,1,1,3.7,5.6,No,33.0
ROS-305993,FAC-002,Rehabilitation Ward,2025-06-22,Sunday,Evening,22,2.81,6.0,3,1,2,1,0,1,1.9,7.33,Yes,36.2
ROS-306003,FAC-002,Rehabilitation Ward,2025-06-25,Wednesday,Night,28,3.97,6.0,4,1,4,1,1,1,3.5,5.6,No,53.2
ROS-306054,FAC-002,Rehabilitation Ward,2025-07-12,Saturday,Night,25,3.66,6.0,3,1,2,1,1,2,6.7,8.33,Yes,54.3
ROS-306064,FAC-002,Rehabilitation Ward,2025-07-16,Wednesday,Day,20,1.26,6.0,2,1,2,1,0,0,1.2,6.67,No,31.6
ROS-306086,FAC-002,Rehabilitation Ward,2025-07-23,Wednesday,Evening,22,2.53,6.0,2,1,2,1,0,0,1.1,7.33,Yes,25.2
ROS-306100,FAC-002,Rehabilitation Ward,2025-07-28,Monday,Day,23,1.05,6.0,3,1,2,1,0,1,1.8,7.67,Yes,39.5
ROS-306150,FAC-002,Rehabilitation Ward,2025-08-13,Wednesday,Night,21,1.67,6.0,3,1,3,1,1,1,5.6,5.25,No,28.0
ROS-306195,FAC-002,Rehabilitation Ward,2025-08-28,Thursday,Night,22,1.98,6.0,3,2,2,2,0,1,5.4,5.5,No,34.6
ROS-306262,FAC-002,Rehabilitation Ward,2025-09-20,Saturday,Day,18,2.27,6.0,2,1,2,1,0,0,0.0,6.0,No,48.2
ROS-306292,FAC-002,Rehabilitation Ward,2025-09-30,Tuesday,Day,22,2.4,6.0,2,1,1,1,0,1,2.1,11.0,Yes,38.0
ROS-306367,FAC-002,Rehabilitation Ward,2025-10-25,Saturday,Day,28,2.88,6.0,4,1,4,1,0,0,0.0,5.6,No,38.1
ROS-306395,FAC-002,Rehabilitation Ward,2025-11-03,Monday,Evening,21,2.48,6.0,2,1,2,1,0,0,0.0,7.0,Yes,37.1
ROS-306445,FAC-002,Rehabilitation Ward,2025-11-20,Thursday,Day,23,1.55,6.0,3,1,3,1,2,2,6.2,5.75,No,47.3
ROS-306541,FAC-002,Rehabilitation Ward,2025-12-22,Monday,Day,22,2.32,6.0,4,1,4,1,0,0,0.0,4.4,No,38.6
ROS-306566,FAC-002,Rehabilitation Ward,2025-12-30,Tuesday,Evening,26,3.18,6.0,3,1,3,1,0,0,0.0,6.5,No,27.9
ROS-306596,FAC-002,Coronary Care Unit,2025-01-09,Thursday,Evening,14,3.89,1.5,7,3,7,3,0,0,0.0,1.4,No,38.6
ROS-306673,FAC-002,Coronary Care Unit,2025-02-04,Tuesday,Day,10,2.78,1.5,5,3,5,3,0,0,3.2,1.25,No,46.6
ROS-306675,FAC-002,Coronary Care Unit,2025-02-04,Tuesday,Night,13,4.12,1.5,7,3,7,3,0,0,0.0,1.3,No,37.7
ROS-306728,FAC-002,Coronary Care Unit,2025-02-22,Saturday,Evening,9,2.91,1.5,4,2,4,2,1,1,1.4,1.5,No,36.9
ROS-306801,FAC-002,Coronary Care Unit,2025-03-18,Tuesday,Night,10,3.06,1.5,5,3,5,3,0,0,1.4,1.25,No,51.6
ROS-306824,FAC-002,Coronary Care Unit,2025-03-26,Wednesday,Evening,10,3.37,1.5,5,3,5,3,1,1,0.1,1.25,No,49.4
ROS-306831,FAC-002,Coronary Care Unit,2025-03-28,Friday,Night,10,2.8,1.5,4,1,3,1,0,1,2.4,2.5,Yes,36.4
ROS-306875,FAC-002,Coronary Care Unit,2025-04-12,Saturday,Evening,12,2.4,1.5,5,2,4,2,0,1,7.2,2.0,Yes,44.4
ROS-306883,FAC-002,Coronary Care Unit,2025-04-15,Tuesday,Day,13,3.0,1.5,7,2,7,2,0,0,1.1,1.44,No,40.1
ROS-306908,FAC-002,Coronary Care Unit,2025-04-23,Wednesday,Evening,12,2.6,1.5,6,2,6,2,0,0,0.0,1.5,No,45.5
ROS-306969,FAC-002,Coronary Care Unit,2025-05-13,Tuesday,Night,11,2.86,1.5,6,1,6,1,0,0,0.8,1.57,No,44.9
ROS-306983,FAC-002,Coronary Care Unit,2025-05-18,Sunday,Evening,11,2.63,1.5,5,1,5,1,0,0,1.4,1.83,Yes,18.4
ROS-307020,FAC-002,Coronary Care Unit,2025-05-30,Friday,Night,15,3.25,1.5,7,1,7,1,0,0,1.3,1.88,Yes,31.8
ROS-307040,FAC-002,Coronary Care Unit,2025-06-06,Friday,Evening,12,3.35,1.5,8,3,8,3,0,0,0.0,1.09,No,35.6
ROS-307074,FAC-002,Coronary Care Unit,2025-06-17,Tuesday,Night,14,2.6,1.5,6,4,6,4,0,0,0.0,1.4,No,51.1
ROS-307122,FAC-002,Coronary Care Unit,2025-07-03,Thursday,Night,12,3.41,1.5,7,3,5,3,0,2,4.9,1.5,No,35.7
ROS-307139,FAC-002,Coronary Care Unit,2025-07-09,Wednesday,Evening,12,3.41,1.5,6,2,5,2,1,2,2.6,1.71,No,50.8
ROS-307171,FAC-002,Coronary Care Unit,2025-07-20,Sunday,Day,14,2.25,1.5,6,2,6,2,0,0,0.0,1.75,Yes,42.9
ROS-307219,FAC-002,Coronary Care Unit,2025-08-05,Tuesday,Day,11,3.43,1.5,5,3,5,3,0,0,0.0,1.38,No,36.3
ROS-307227,FAC-002,Coronary Care Unit,2025-08-07,Thursday,Night,12,2.93,1.5,7,1,7,1,1,1,0.8,1.5,No,25.2
ROS-307234,FAC-002,Coronary Care Unit,2025-08-10,Sunday,Day,10,3.46,1.5,5,2,5,2,0,0,0.3,1.43,No,32.3
ROS-307244,FAC-002,Coronary Care Unit,2025-08-13,Wednesday,Evening,13,2.93,1.5,6,3,6,3,0,0,0.9,1.44,No,35.6
ROS-307325,FAC-002,Coronary Care Unit,2025-09-09,Tuesday,Evening,12,2.59,1.5,6,2,6,2,0,0,0.0,1.5,No,33.2
ROS-307343,FAC-002,Coronary Care Unit,2025-09-15,Monday,Evening,13,3.41,1.5,6,3,6,3,0,0,0.0,1.44,No,25.2
ROS-307378,FAC-002,Coronary Care Unit,2025-09-27,Saturday,Day,12,2.71,1.5,6,2,6,2,0,0,1.0,1.5,No,52.4
ROS-307423,FAC-002,Coronary Care Unit,2025-10-12,Sunday,Day,10,2.33,1.5,4,2,4,2,0,0,0.0,1.67,No,33.7
ROS-307461,FAC-002,Coronary Care Unit,2025-10-24,Friday,Night,13,3.06,1.5,6,4,6,4,0,0,1.6,1.3,No,40.3
ROS-307485,FAC-002,Coronary Care Unit,2025-11-01,Saturday,Night,11,2.69,1.5,5,2,5,2,2,2,2.0,1.57,No,26.3
ROS-307653,FAC-002,Coronary Care Unit,2025-12-27,Saturday,Night,10,3.26,1.5,5,2,5,2,1,1,4.7,1.43,No,31.0
ROS-307700,FAC-003,Paediatric Ward,2025-01-12,Sunday,Evening,21,2.77,4.0,3,2,3,2,0,0,2.8,4.2,No,29.1
ROS-307721,FAC-003,Paediatric Ward,2025-01-19,Sunday,Evening,18,2.32,4.0,3,1,3,1,0,0,0.1,4.5,No,40.6
ROS-307760,FAC-003,Paediatric Ward,2025-02-01,Saturday,Evening,21,2.64,4.0,4,2,3,2,0,1,3.0,4.2,No,28.5
ROS-307827,FAC-003,Paediatric Ward,2025-02-23,Sunday,Night,20,2.31,4.0,4,1,3,1,2,3,5.9,5.0,Yes,53.1
ROS-307879,FAC-003,Paediatric Ward,2025-03-13,Thursday,Day,18,2.79,4.0,3,1,2,1,0,1,2.7,6.0,Yes,38.8
ROS-307916,FAC-003,Paediatric Ward,2025-03-25,Tuesday,Evening,20,2.04,4.0,3,2,3,2,0,0,3.0,4.0,No,26.3
ROS-307937,FAC-003,Paediatric Ward,2025-04-01,Tuesday,Evening,24,2.04,4.0,4,2,4,2,0,0,0.0,4.0,No,25.3
ROS-307996,FAC-003,Paediatric Ward,2025-04-21,Monday,Day,20,1.98,4.0,4,1,4,1,1,1,2.1,4.0,No,60.2
ROS-308025,FAC-003,Paediatric Ward,2025-04-30,Wednesday,Night,15,1.58,4.0,3,1,1,1,0,3,4.6,7.5,Yes,36.1
ROS-308047,FAC-003,Paediatric Ward,2025-05-08,Thursday,Day,19,2.02,4.0,3,2,3,2,0,0,0.0,3.8,No,27.8
ROS-308094,FAC-003,Paediatric Ward,2025-05-23,Friday,Night,22,2.37,4.0,4,2,4,2,1,1,2.9,3.67,No,37.9
ROS-308127,FAC-003,Paediatric Ward,2025-06-03,Tuesday,Night,19,1.77,4.0,3,1,3,1,0,0,0.0,4.75,Yes,31.1
ROS-308131,FAC-003,Paediatric Ward,2025-06-05,Thursday,Day,16,1.49,4.0,3,1,2,1,0,1,4.8,5.33,Yes,35.7
ROS-308348,FAC-003,Paediatric Ward,2025-08-16,Saturday,Evening,20,2.79,4.0,4,1,2,1,0,2,5.4,6.67,Yes,39.3
ROS-308386,FAC-003,Paediatric Ward,2025-08-29,Friday,Day,16,1.39,4.0,3,1,3,1,0,0,1.8,4.0,No,33.3
ROS-308401,FAC-003,Paediatric Ward,2025-09-03,Wednesday,Day,20,2.19,4.0,4,1,4,1,0,0,1.7,4.0,No,33.4
ROS-308424,FAC-003,Paediatric Ward,2025-09-10,Wednesday,Night,13,2.94,4.0,2,1,2,1,1,1,3.4,4.33,No,31.8
ROS-308472,FAC-003,Paediatric Ward,2025-09-26,Friday,Night,21,1.31,4.0,3,2,3,2,1,1,1.4,4.2,No,29.4
ROS-308503,FAC-003,Paediatric Ward,2025-10-07,Tuesday,Day,19,2.38,4.0,4,1,4,1,1,1,2.9,3.8,No,37.1
ROS-308517,FAC-003,Paediatric Ward,2025-10-11,Saturday,Night,19,2.58,4.0,3,1,3,1,1,1,0.1,4.75,Yes,51.2
ROS-308544,FAC-003,Paediatric Ward,2025-10-20,Monday,Night,19,2.3,4.0,3,1,3,1,0,0,1.7,4.75,Yes,48.4
ROS-308619,FAC-003,Paediatric Ward,2025-11-14,Friday,Night,22,1.0,4.0,5,2,5,2,1,1,0.4,3.14,No,35.7
ROS-308640,FAC-003,Paediatric Ward,2025-11-21,Friday,Night,23,2.44,4.0,3,2,3,2,1,1,0.4,4.6,No,27.3
ROS-308702,FAC-003,Paediatric Ward,2025-12-12,Friday,Evening,17,1.28,4.0,3,1,2,1,1,3,4.0,5.67,Yes,42.9
ROS-308704,FAC-003,Paediatric Ward,2025-12-13,Saturday,Day,16,2.82,4.0,3,1,3,1,0,0,0.0,4.0,No,25.5
ROS-308754,FAC-003,Paediatric Ward,2025-12-29,Monday,Night,21,2.79,4.0,4,2,4,2,2,2,7.2,3.5,No,24.8
ROS-308880,FAC-003,Forensic Mental Health Unit,2025-02-09,Sunday,Night,19,2.8,3.0,4,2,4,2,1,1,2.8,3.17,No,45.1
ROS-308932,FAC-003,Forensic Mental Health Unit,2025-02-27,Thursday,Day,17,2.43,3.0,4,2,4,2,0,0,0.0,2.83,No,28.9
ROS-309009,FAC-003,Forensic Mental Health Unit,2025-03-24,Monday,Night,20,2.23,3.0,6,3,6,3,0,0,0.0,2.22,No,46.9
ROS-309047,FAC-003,Forensic Mental Health Unit,2025-04-06,Sunday,Evening,19,2.9,3.0,5,2,5,2,0,0,1.9,2.71,No,46.8
ROS-309049,FAC-003,Forensic Mental Health Unit,2025-04-07,Monday,Day,18,2.33,3.0,4,2,4,2,0,0,0.0,3.0,No,44.8
ROS-309070,FAC-003,Forensic Mental Health Unit,2025-04-14,Monday,Day,18,2.54,3.0,4,2,4,2,0,0,0.0,3.0,No,40.1
ROS-309077,FAC-003,Forensic Mental Health Unit,2025-04-16,Wednesday,Evening,15,2.15,3.0,4,1,4,1,0,0,1.1,3.0,No,46.4
ROS-309112,FAC-003,Forensic Mental Health Unit,2025-04-28,Monday,Day,15,3.08,3.0,3,1,3,1,0,0,0.9,3.75,Yes,42.5
ROS-309158,FAC-003,Forensic Mental Health Unit,2025-05-13,Tuesday,Evening,15,2.36,3.0,4,2,4,2,0,0,0.0,2.5,No,46.7
ROS-309224,FAC-003,Forensic Mental Health Unit,2025-06-04,Wednesday,Evening,15,3.66,3.0,4,2,2,2,1,3,10.7,3.75,Yes,34.7
ROS-309255,FAC-003,Forensic Mental Health Unit,2025-06-14,Saturday,Night,18,2.85,3.0,4,0,4,0,0,0,0.0,4.5,Yes,33.6
ROS-309257,FAC-003,Forensic Mental Health Unit,2025-06-15,Sunday,Evening,18,2.75,3.0,4,1,4,1,0,0,3.0,3.6,Yes,30.8
ROS-309290,FAC-003,Forensic Mental Health Unit,2025-06-26,Thursday,Evening,20,3.73,3.0,5,2,5,2,0,0,0.0,2.86,No,31.8
ROS-309331,FAC-003,Forensic Mental Health Unit,2025-07-10,Thursday,Day,14,2.57,3.0,4,1,3,1,0,1,1.2,3.5,Yes,49.8
ROS-309337,FAC-003,Forensic Mental Health Unit,2025-07-12,Saturday,Day,18,3.75,3.0,4,2,3,2,1,2,2.5,3.6,Yes,27.1
ROS-309418,FAC-003,Forensic Mental Health Unit,2025-08-08,Friday,Day,12,2.64,3.0,3,1,3,1,0,0,1.6,3.0,No,44.6
ROS-309431,FAC-003,Forensic Mental Health Unit,2025-08-12,Tuesday,Evening,18,1.93,3.0,5,1,4,1,0,1,1.4,3.6,Yes,44.2
ROS-309487,FAC-003,Forensic Mental Health Unit,2025-08-31,Sunday,Day,16,3.01,3.0,3,1,3,1,0,0,1.2,4.0,Yes,63.9
ROS-309504,FAC-003,Forensic Mental Health Unit,2025-09-05,Friday,Night,21,3.51,3.0,5,2,5,2,0,0,0.0,3.0,No,35.5
ROS-309532,FAC-003,Forensic Mental Health Unit,2025-09-15,Monday,Day,16,1.75,3.0,3,2,3,2,0,0,0.0,3.2,No,25.1
ROS-309543,FAC-003,Forensic Mental Health Unit,2025-09-18,Thursday,Night,15,3.0,3.0,4,2,4,2,0,0,0.0,2.5,No,23.5
ROS-309549,FAC-003,Forensic Mental Health Unit,2025-09-20,Saturday,Night,15,2.66,3.0,4,1,4,1,0,0,0.1,3.0,No,33.8
ROS-309637,FAC-003,Forensic Mental Health Unit,2025-10-20,Monday,Day,22,2.99,3.0,5,2,5,2,0,0,0.0,3.14,No,14.9
ROS-309646,FAC-003,Forensic Mental Health Unit,2025-10-23,Thursday,Day,19,2.81,3.0,4,2,4,2,0,0,0.0,3.17,No,34.7
ROS-309647,FAC-003,Forensic Mental Health Unit,2025-10-23,Thursday,Evening,17,2.77,3.0,4,1,4,1,0,0,0.1,3.4,No,16.3
ROS-309826,FAC-003,Forensic Mental Health Unit,2025-12-22,Monday,Day,16,2.8,3.0,4,1,4,1,0,0,0.0,3.2,No,35.8
ROS-309831,FAC-003,Forensic Mental Health Unit,2025-12-23,Tuesday,Night,15,2.1,3.0,4,1,4,1,1,1,7.2,3.0,No,49.9
ROS-309876,FAC-003,General Mental Health Unit,2025-01-07,Tuesday,Night,19,1.86,4.5,3,1,3,1,0,0,0.0,4.75,No,43.1
ROS-309883,FAC-003,General Mental Health Unit,2025-01-10,Friday,Day,23,2.15,4.5,4,2,4,2,0,0,0.0,3.83,No,37.2
ROS-309890,FAC-003,General Mental Health Unit,2025-01-12,Sunday,Evening,22,2.7,4.5,4,2,4,2,0,0,1.3,3.67,No,48.5
ROS-309956,FAC-003,General Mental Health Unit,2025-02-03,Monday,Evening,19,2.02,4.5,3,2,3,2,0,0,2.3,3.8,No,40.4
ROS-310009,FAC-003,General Mental Health Unit,2025-02-21,Friday,Day,24,3.09,4.5,3,2,3,2,1,1,0.0,4.8,No,34.4
ROS-310126,FAC-003,General Mental Health Unit,2025-04-01,Tuesday,Day,21,3.32,4.5,4,2,4,2,0,0,0.0,3.5,No,26.3
ROS-310135,FAC-003,General Mental Health Unit,2025-04-04,Friday,Day,25,2.77,4.5,4,2,4,2,0,0,0.0,4.17,No,42.9
ROS-310139,FAC-003,General Mental Health Unit,2025-04-05,Saturday,Evening,23,2.55,4.5,3,1,3,1,0,0,0.7,5.75,Yes,40.7
ROS-310154,FAC-003,General Mental Health Unit,2025-04-10,Thursday,Evening,25,2.4,4.5,5,1,5,1,0,0,1.3,4.17,No,55.8
ROS-310157,FAC-003,General Mental Health Unit,2025-04-11,Friday,Evening,21,2.61,4.5,3,2,3,2,1,1,0.4,4.2,No,33.3
ROS-310228,FAC-003,General Mental Health Unit,2025-05-05,Monday,Day,19,1.28,4.5,2,2,2,2,0,0,4.7,4.75,No,36.7
ROS-310244,FAC-003,General Mental Health Unit,2025-05-10,Saturday,Evening,22,2.21,4.5,3,2,2,2,0,1,0.0,5.5,Yes,46.4
ROS-310290,FAC-003,General Mental Health Unit,2025-05-25,Sunday,Night,19,2.13,4.5,3,1,3,1,0,0,0.0,4.75,No,40.9
ROS-310299,FAC-003,General Mental Health Unit,2025-05-28,Wednesday,Night,21,2.22,4.5,4,2,4,2,1,1,0.3,3.5,No,36.2
ROS-310327,FAC-003,General Mental Health Unit,2025-06-07,Saturday,Day,22,2.14,4.5,3,2,3,2,1,1,2.8,4.4,No,23.0
ROS-310349,FAC-003,General Mental Health Unit,2025-06-14,Saturday,Evening,18,2.13,4.5,3,2,2,2,1,2,1.1,4.5,No,22.3
ROS-310371,FAC-003,General Mental Health Unit,2025-06-21,Saturday,Night,29,3.1,4.5,4,2,2,2,0,2,3.8,7.25,Yes,40.7
ROS-310383,FAC-003,General Mental Health Unit,2025-06-25,Wednesday,Night,20,1.84,4.5,3,1,2,1,0,1,4.8,6.67,Yes,16.3
ROS-310402,FAC-003,General Mental Health Unit,2025-07-02,Wednesday,Day,22,2.29,4.5,4,1,4,1,0,0,1.2,4.4,No,34.0
ROS-310458,FAC-003,General Mental Health Unit,2025-07-20,Sunday,Night,24,1.88,4.5,3,1,3,1,0,0,0.0,6.0,Yes,28.5
ROS-310570,FAC-003,General Mental Health Unit,2025-08-27,Wednesday,Day,22,1.54,4.5,3,1,3,1,0,0,3.9,5.5,Yes,30.8
ROS-310595,FAC-003,General Mental Health Unit,2025-09-04,Thursday,Evening,25,3.17,4.5,5,2,5,2,0,0,1.3,3.57,No,39.0
ROS-310650,FAC-003,General Mental Health Unit,2025-09-22,Monday,Night,23,2.92,4.5,4,2,4,2,0,0,0.9,3.83,No,23.8
ROS-310776,FAC-003,General Mental Health Unit,2025-11-03,Monday,Night,23,2.61,4.5,3,1,1,1,0,3,5.9,11.5,Yes,29.1
ROS-310884,FAC-003,General Mental Health Unit,2025-12-09,Tuesday,Night,19,2.07,4.5,2,1,2,1,0,0,0.6,6.33,Yes,40.9
ROS-310893,FAC-003,General Mental Health Unit,2025-12-12,Friday,Night,21,2.41,4.5,4,2,4,2,0,0,0.0,3.5,No,40.5
ROS-310995,FAC-003,Medical Ward A,2025-01-15,Wednesday,Night,31,2.49,5.0,4,2,4,2,0,0,0.0,5.17,No,29.0
ROS-311003,FAC-003,Medical Ward A,2025-01-18,Saturday,Evening,34,1.43,5.0,5,2,5,2,1,1,3.0,4.86,No,36.1
ROS-311008,FAC-003,Medical Ward A,2025-01-20,Monday,Day,24,2.27,5.0,4,1,4,1,0,0,0.0,4.8,No,59.0
ROS-311009,FAC-003,Medical Ward A,2025-01-20,Monday,Evening,27,2.4,5.0,4,1,4,1,1,1,0.0,5.4,No,35.5
ROS-311026,FAC-003,Medical Ward A,2025-01-26,Sunday,Day,31,2.88,5.0,4,2,4,2,1,1,0.7,5.17,No,21.2
ROS-311164,FAC-003,Medical Ward A,2025-03-13,Thursday,Day,29,2.59,5.0,5,2,5,2,0,0,0.0,4.14,No,41.8
ROS-311192,FAC-003,Medical Ward A,2025-03-22,Saturday,Evening,26,2.07,5.0,4,2,4,2,1,1,1.6,4.33,No,31.8
ROS-311388,FAC-003,Medical Ward A,2025-05-26,Monday,Night,22,2.44,5.0,3,1,3,1,0,0,0.1,5.5,No,21.2
ROS-311398,FAC-003,Medical Ward A,2025-05-30,Friday,Day,29,2.13,5.0,4,2,4,2,0,0,0.2,4.83,No,30.9
ROS-311440,FAC-003,Medical Ward A,2025-06-13,Friday,Day,30,2.83,5.0,4,2,3,2,0,1,0.4,6.0,Yes,28.2
ROS-311476,FAC-003,Medical Ward A,2025-06-25,Wednesday,Day,23,2.45,5.0,3,2,3,2,0,0,1.8,4.6,No,34.4
ROS-311483,FAC-003,Medical Ward A,2025-06-27,Friday,Evening,29,2.58,5.0,4,1,4,1,0,0,0.9,5.8,Yes,29.2
ROS-311606,FAC-003,Medical Ward A,2025-08-07,Thursday,Evening,20,1.8,5.0,3,1,3,1,0,0,0.0,5.0,No,44.3
ROS-311619,FAC-003,Medical Ward A,2025-08-11,Monday,Night,26,1.7,5.0,4,2,3,2,2,4,9.7,5.2,No,31.7
ROS-311657,FAC-003,Medical Ward A,2025-08-24,Sunday,Evening,31,1.66,5.0,4,1,4,1,0,0,0.0,6.2,Yes,39.3
ROS-311812,FAC-003,Medical Ward A,2025-10-15,Wednesday,Day,26,3.22,5.0,3,2,3,2,0,0,3.3,5.2,No,36.5
ROS-311846,FAC-003,Medical Ward A,2025-10-26,Sunday,Evening,32,1.44,5.0,5,2,4,2,0,1,4.5,5.33,No,49.1
ROS-311910,FAC-003,Medical Ward A,2025-11-16,Sunday,Night,27,1.61,5.0,4,2,3,2,0,1,4.0,5.4,No,36.1
ROS-311919,FAC-003,Medical Ward A,2025-11-19,Wednesday,Night,26,2.55,5.0,3,1,3,1,1,1,1.3,6.5,Yes,41.2
ROS-311939,FAC-003,Medical Ward A,2025-11-26,Wednesday,Evening,30,2.32,5.0,5,2,5,2,0,0,0.6,4.29,No,28.7
ROS-311974,FAC-003,Medical Ward A,2025-12-08,Monday,Day,24,1.76,5.0,4,1,4,1,0,0,0.0,4.8,No,32.2
ROS-312012,FAC-003,Medical Ward A,2025-12-20,Saturday,Night,28,2.14,5.0,4,2,4,2,0,0,0.5,4.67,No,34.8
ROS-312063,FAC-004,Medical Ward A,2025-01-06,Monday,Night,27,2.44,5.0,3,1,3,1,1,1,3.6,6.75,Yes,25.8
ROS-312105,FAC-004,Medical Ward A,2025-01-20,Monday,Night,20,1.65,5.0,3,2,3,2,0,0,2.3,4.0,No,48.8
ROS-312181,FAC-004,Medical Ward A,2025-02-15,Saturday,Day,29,2.1,5.0,4,2,3,2,0,1,9.2,5.8,Yes,46.1
ROS-312186,FAC-004,Medical Ward A,2025-02-16,Sunday,Night,24,1.62,5.0,4,1,4,1,0,0,1.2,4.8,No,39.4
ROS-312191,FAC-004,Medical Ward A,2025-02-18,Tuesday,Evening,25,2.75,5.0,4,2,4,2,0,0,0.1,4.17,No,36.5
ROS-312198,FAC-004,Medical Ward A,2025-02-20,Thursday,Night,25,2.0,5.0,4,1,3,1,0,1,4.8,6.25,Yes,38.6
ROS-312227,FAC-004,Medical Ward A,2025-03-02,Sunday,Evening,31,1.97,5.0,5,2,5,2,0,0,0.0,4.43,No,29.3
ROS-312280,FAC-004,Medical Ward A,2025-03-20,Thursday,Day,26,2.59,5.0,3,1,2,1,0,1,1.8,8.67,Yes,36.2
ROS-312333,FAC-004,Medical Ward A,2025-04-06,Sunday,Night,26,1.51,5.0,3,2,2,2,1,2,7.6,6.5,Yes,28.3
ROS-312369,FAC-004,Medical Ward A,2025-04-18,Friday,Night,26,2.33,5.0,3,2,2,2,0,1,1.6,6.5,Yes,40.6
ROS-312374,FAC-004,Medical Ward A,2025-04-20,Sunday,Evening,19,2.46,5.0,3,1,3,1,1,1,3.8,4.75,No,44.5
ROS-312408,FAC-004,Medical Ward A,2025-05-01,Thursday,Night,29,2.55,5.0,4,2,4,2,0,0,1.4,4.83,No,35.2
ROS-312518,FAC-004,Medical Ward A,2025-06-07,Saturday,Evening,29,3.0,5.0,5,2,5,2,0,0,3.5,4.14,No,26.3
ROS-312668,FAC-004,Medical Ward A,2025-07-27,Sunday,Evening,25,1.62,5.0,4,1,4,1,2,2,4.7,5.0,No,17.1
ROS-312701,FAC-004,Medical Ward A,2025-08-07,Thursday,Evening,32,2.68,5.0,5,2,5,2,0,0,0.0,4.57,No,40.7
ROS-312779,FAC-004,Medical Ward A,2025-09-02,Tuesday,Evening,29,2.92,5.0,4,2,4,2,0,0,0.0,4.83,No,54.0
ROS-312810,FAC-004,Medical Ward A,2025-09-12,Friday,Night,29,2.69,5.0,4,2,3,2,1,2,3.0,5.8,Yes,46.4
ROS-312832,FAC-004,Medical Ward A,2025-09-20,Saturday,Day,28,2.61,5.0,5,1,4,1,0,1,1.0,5.6,No,38.9
ROS-312834,FAC-004,Medical Ward A,2025-09-20,Saturday,Night,27,3.28,5.0,3,1,2,1,1,2,6.3,9.0,Yes,53.4
ROS-312851,FAC-004,Medical Ward A,2025-09-26,Friday,Evening,31,2.73,5.0,5,2,5,2,0,0,0.0,4.43,No,41.6
ROS-312923,FAC-004,Medical Ward A,2025-10-20,Monday,Evening,26,1.59,5.0,4,1,4,1,1,1,3.9,5.2,No,29.5
ROS-312994,FAC-004,Medical Ward A,2025-11-13,Thursday,Day,29,2.93,5.0,5,1,5,1,0,0,0.0,4.83,No,46.8
ROS-313025,FAC-004,Medical Ward A,2025-11-23,Sunday,Evening,23,2.31,5.0,4,1,4,1,0,0,0.0,4.6,No,43.1
ROS-313063,FAC-004,Medical Ward A,2025-12-06,Saturday,Day,29,2.91,5.0,4,2,4,2,0,0,1.9,4.83,No,36.2
ROS-313126,FAC-004,Medical Ward A,2025-12-27,Saturday,Day,23,2.82,5.0,3,1,3,1,1,1,3.6,5.75,No,31.4
ROS-313159,FAC-004,Aged Care Ward,2025-01-07,Tuesday,Day,23,3.0,6.0,2,2,2,2,1,1,3.0,5.75,No,50.6
ROS-313183,FAC-004,Aged Care Ward,2025-01-15,Wednesday,Day,34,1.9,6.0,5,3,5,3,0,0,0.0,4.25,No,19.5
ROS-313286,FAC-004,Aged Care Ward,2025-02-18,Tuesday,Evening,26,2.9,6.0,3,2,3,2,0,0,0.4,5.2,No,53.4
ROS-313291,FAC-004,Aged Care Ward,2025-02-20,Thursday,Day,33,2.61,6.0,4,1,4,1,1,1,1.8,6.6,No,24.0
ROS-313293,FAC-004,Aged Care Ward,2025-02-20,Thursday,Night,30,3.02,6.0,4,2,4,2,0,0,0.0,5.0,No,26.4
ROS-313299,FAC-004,Aged Care Ward,2025-02-22,Saturday,Night,25,1.9,6.0,3,1,1,1,0,2,9.9,12.5,Yes,25.7
ROS-313333,FAC-004,Aged Care Ward,2025-03-06,Thursday,Day,34,2.11,6.0,5,1,5,1,0,0,2.7,5.67,No,48.6
ROS-313375,FAC-004,Aged Care Ward,2025-03-20,Thursday,Day,34,2.24,6.0,4,3,4,3,0,0,0.0,4.86,No,23.1
ROS-313430,FAC-004,Aged Care Ward,2025-04-07,Monday,Evening,27,1.76,6.0,3,1,3,1,0,0,0.0,6.75,No,33.5
ROS-313503,FAC-004,Aged Care Ward,2025-05-01,Thursday,Night,25,1.89,6.0,3,1,3,1,0,0,0.0,6.25,No,51.3
ROS-313523,FAC-004,Aged Care Ward,2025-05-08,Thursday,Evening,34,3.3,6.0,4,2,4,2,0,0,0.0,5.67,No,28.1
ROS-313607,FAC-004,Aged Care Ward,2025-06-05,Thursday,Evening,35,1.74,6.0,4,2,4,2,1,1,1.1,5.83,No,11.2
ROS-313695,FAC-004,Aged Care Ward,2025-07-04,Friday,Night,24,2.68,6.0,3,1,3,1,0,0,1.9,6.0,No,25.5
ROS-313781,FAC-004,Aged Care Ward,2025-08-02,Saturday,Evening,29,1.87,6.0,4,1,3,1,0,1,4.4,7.25,Yes,52.9
ROS-313893,FAC-004,Aged Care Ward,2025-09-08,Monday,Night,31,2.75,6.0,4,2,3,2,2,4,7.7,6.2,No,39.6
ROS-313958,FAC-004,Aged Care Ward,2025-09-30,Tuesday,Evening,25,1.25,6.0,3,1,3,1,0,0,0.0,6.25,No,45.7
ROS-314050,FAC-004,Aged Care Ward,2025-10-31,Friday,Day,30,2.04,6.0,4,1,4,1,1,1,5.2,6.0,No,53.0
ROS-314068,FAC-004,Aged Care Ward,2025-11-06,Thursday,Day,22,3.12,6.0,3,1,3,1,0,0,0.0,5.5,No,33.1
ROS-314097,FAC-004,Aged Care Ward,2025-11-15,Saturday,Night,31,2.6,6.0,4,2,3,2,0,1,0.5,6.2,No,53.2
ROS-314125,FAC-004,Aged Care Ward,2025-11-25,Tuesday,Day,26,1.26,6.0,3,1,3,1,0,0,0.0,6.5,No,27.5
ROS-314132,FAC-004,Aged Care Ward,2025-11-27,Thursday,Evening,27,2.52,6.0,3,1,3,1,0,0,2.8,6.75,No,45.2
ROS-314156,FAC-004,Aged Care Ward,2025-12-05,Friday,Evening,27,2.27,6.0,3,1,3,1,0,0,0.0,6.75,No,37.9
ROS-314213,FAC-004,Aged Care Ward,2025-12-24,Wednesday,Evening,31,2.09,6.0,4,2,4,2,0,0,0.0,5.17,No,26.7
ROS-314238,FAC-004,General Mental Health Unit,2025-01-01,Wednesday,Night,18,2.13,4.5,3,0,3,0,0,0,0.8,6.0,Yes,42.7
ROS-314324,FAC-004,General Mental Health Unit,2025-01-30,Thursday,Evening,23,2.74,4.5,3,1,3,1,0,0,0.0,5.75,Yes,23.1
ROS-314382,FAC-004,General Mental Health Unit,2025-02-18,Tuesday,Night,22,3.56,4.5,3,1,3,1,0,0,0.0,5.5,Yes,17.2
ROS-314395,FAC-004,General Mental Health Unit,2025-02-23,Sunday,Day,18,2.72,4.5,3,2,3,2,1,1,2.6,3.6,No,25.9
ROS-314433,FAC-004,General Mental Health Unit,2025-03-07,Friday,Night,18,1.91,4.5,3,1,3,1,0,0,0.0,4.5,No,5.0
ROS-314498,FAC-004,General Mental Health Unit,2025-03-29,Saturday,Evening,22,1.55,4.5,4,1,4,1,0,0,1.0,4.4,No,28.2
ROS-314520,FAC-004,General Mental Health Unit,2025-04-05,Saturday,Night,21,1.84,4.5,3,1,3,1,0,0,0.2,5.25,Yes,52.0
ROS-314617,FAC-004,General Mental Health Unit,2025-05-08,Thursday,Day,24,2.47,4.5,4,1,4,1,0,0,0.0,4.8,No,34.7
ROS-314634,FAC-004,General Mental Health Unit,2025-05-13,Tuesday,Night,20,2.58,4.5,3,1,3,1,0,0,0.0,5.0,No,45.6
ROS-314708,FAC-004,General Mental Health Unit,2025-06-07,Saturday,Evening,26,2.33,4.5,5,2,5,2,0,0,0.7,3.71,No,26.9
ROS-314720,FAC-004,General Mental Health Unit,2025-06-11,Wednesday,Evening,24,2.25,4.5,4,1,3,1,0,1,1.7,6.0,Yes,35.6
ROS-314723,FAC-004,General Mental Health Unit,2025-06-12,Thursday,Evening,20,2.77,4.5,3,1,3,1,0,0,0.5,5.0,No,43.9
ROS-314743,FAC-004,General Mental Health Unit,2025-06-19,Thursday,Day,23,1.96,4.5,3,2,3,2,0,0,0.0,4.6,No,31.3
ROS-314759,FAC-004,General Mental Health Unit,2025-06-24,Tuesday,Evening,22,2.07,4.5,4,1,4,1,1,1,3.8,4.4,No,39.3
ROS-314803,FAC-004,General Mental Health Unit,2025-07-09,Wednesday,Day,20,1.27,4.5,3,2,3,2,0,0,0.0,4.0,No,26.5
ROS-314805,FAC-004,General Mental Health Unit,2025-07-09,Wednesday,Night,23,2.73,4.5,4,2,4,2,0,0,1.8,3.83,No,51.3
ROS-314849,FAC-004,General Mental Health Unit,2025-07-24,Thursday,Evening,22,2.71,4.5,4,2,4,2,0,0,2.5,3.67,No,31.1
ROS-314860,FAC-004,General Mental Health Unit,2025-07-28,Monday,Day,18,2.81,4.5,3,1,3,1,0,0,0.0,4.5,No,52.2
ROS-314870,FAC-004,General Mental Health Unit,2025-07-31,Thursday,Evening,22,2.7,4.5,4,1,3,1,0,1,3.5,5.5,Yes,24.4
ROS-314876,FAC-004,General Mental Health Unit,2025-08-02,Saturday,Evening,23,2.91,4.5,4,2,4,2,0,0,1.2,3.83,No,40.2
ROS-314975,FAC-004,General Mental Health Unit,2025-09-04,Thursday,Evening,20,2.58,4.5,3,1,3,1,0,0,0.0,5.0,No,39.4
ROS-314984,FAC-004,General Mental Health Unit,2025-09-07,Sunday,Evening,22,2.32,4.5,4,1,4,1,0,0,0.6,4.4,No,39.7
ROS-315035,FAC-004,General Mental Health Unit,2025-09-24,Wednesday,Evening,23,2.15,4.5,4,2,4,2,1,1,2.3,3.83,No,36.8
ROS-315040,FAC-004,General Mental Health Unit,2025-09-26,Friday,Day,27,2.64,4.5,4,3,3,3,0,1,2.8,4.5,No,50.2
ROS-315113,FAC-004,General Mental Health Unit,2025-10-20,Monday,Evening,20,1.81,4.5,3,1,3,1,0,0,1.0,5.0,No,47.9
ROS-315153,FAC-004,General Mental Health Unit,2025-11-02,Sunday,Night,22,2.55,4.5,4,1,3,1,0,1,2.4,5.5,Yes,32.5
ROS-315163,FAC-004,General Mental Health Unit,2025-11-06,Thursday,Day,22,1.92,4.5,4,1,3,1,0,1,0.0,5.5,Yes,46.3
ROS-315176,FAC-004,General Mental Health Unit,2025-11-10,Monday,Evening,21,2.38,4.5,3,2,3,2,0,0,3.5,4.2,No,36.7
ROS-315196,FAC-004,General Mental Health Unit,2025-11-17,Monday,Day,20,2.28,4.5,3,1,3,1,0,0,0.3,5.0,No,37.3
ROS-315234,FAC-004,General Mental Health Unit,2025-11-29,Saturday,Night,22,3.03,4.5,3,1,3,1,0,0,0.0,5.5,Yes,36.4
ROS-315251,FAC-004,General Mental Health Unit,2025-12-05,Friday,Evening,24,1.7,4.5,4,2,4,2,2,2,6.8,4.0,No,12.5
ROS-315401,FAC-005,Paediatric Ward,2025-01-24,Friday,Evening,19,2.15,4.0,4,2,4,2,0,0,3.6,3.17,No,49.4
ROS-315407,FAC-005,Paediatric Ward,2025-01-26,Sunday,Evening,22,3.01,4.0,4,2,4,2,1,1,0.8,3.67,No,42.0
ROS-315423,FAC-005,Paediatric Ward,2025-01-31,Friday,Night,19,1.79,4.0,3,1,3,1,0,0,2.3,4.75,Yes,43.9
ROS-315455,FAC-005,Paediatric Ward,2025-02-11,Tuesday,Evening,18,2.38,4.0,3,2,3,2,0,0,2.1,3.6,No,17.4
ROS-315541,FAC-005,Paediatric Ward,2025-03-12,Wednesday,Day,18,2.57,4.0,3,1,3,1,0,0,0.3,4.5,No,46.0
ROS-315636,FAC-005,Paediatric Ward,2025-04-12,Saturday,Night,21,1.24,4.0,3,2,2,2,1,2,4.0,5.25,Yes,42.5
ROS-315719,FAC-005,Paediatric Ward,2025-05-10,Saturday,Evening,20,2.3,4.0,3,1,2,1,1,2,5.0,6.67,Yes,43.7
ROS-315728,FAC-005,Paediatric Ward,2025-05-13,Tuesday,Evening,22,2.46,4.0,3,3,3,3,0,0,0.0,3.67,No,15.5
ROS-315744,FAC-005,Paediatric Ward,2025-05-18,Sunday,Night,21,2.0,4.0,3,1,2,1,1,4,1.4,7.0,Yes,21.9
ROS-315801,FAC-005,Paediatric Ward,2025-06-06,Friday,Night,19,2.67,4.0,4,2,4,2,0,0,0.0,3.17,No,39.4
ROS-315811,FAC-005,Paediatric Ward,2025-06-10,Tuesday,Day,18,2.36,4.0,2,1,2,1,0,0,0.8,6.0,Yes,42.6
ROS-315893,FAC-005,Paediatric Ward,2025-07-07,Monday,Evening,19,2.92,4.0,4,1,4,1,0,0,0.0,3.8,No,34.4
ROS-315980,FAC-005,Paediatric Ward,2025-08-05,Tuesday,Evening,20,2.9,4.0,4,2,4,2,0,0,0.0,3.33,No,46.1
ROS-315995,FAC-005,Paediatric Ward,2025-08-10,Sunday,Evening,17,3.24,4.0,3,1,2,1,0,1,3.3,5.67,Yes,36.7
ROS-316060,FAC-005,Paediatric Ward,2025-09-01,Monday,Day,16,3.76,4.0,3,1,3,1,0,0,0.0,4.0,No,25.5
ROS-316068,FAC-005,Paediatric Ward,2025-09-03,Wednesday,Night,23,1.44,4.0,4,1,4,1,0,0,1.6,4.6,No,34.1
ROS-316251,FAC-005,Paediatric Ward,2025-11-03,Monday,Night,20,2.84,4.0,4,2,4,2,1,1,3.9,3.33,No,42.5
ROS-316256,FAC-005,Paediatric Ward,2025-11-05,Wednesday,Evening,24,3.14,4.0,4,2,4,2,0,0,0.9,4.0,No,37.6
ROS-316307,FAC-005,Paediatric Ward,2025-11-22,Saturday,Evening,21,3.06,4.0,4,1,4,1,1,1,0.0,4.2,No,26.0
ROS-316363,FAC-005,Paediatric Ward,2025-12-11,Thursday,Day,16,1.59,4.0,3,1,3,1,0,0,0.0,4.0,No,33.4
ROS-316384,FAC-005,Paediatric Ward,2025-12-18,Thursday,Day,19,3.8,4.0,3,2,3,2,0,0,0.0,3.8,No,36.5
ROS-316397,FAC-005,Paediatric Ward,2025-12-22,Monday,Evening,18,1.76,4.0,2,1,1,1,0,1,6.7,9.0,Yes,15.2
ROS-316403,FAC-005,Paediatric Ward,2025-12-24,Wednesday,Evening,21,2.3,4.0,4,1,4,1,0,0,0.0,4.2,No,36.3
ROS-316456,FAC-005,Medical Ward A,2025-01-11,Saturday,Day,23,2.6,5.0,3,1,3,1,0,0,0.6,5.75,No,28.2
ROS-316588,FAC-005,Medical Ward A,2025-02-24,Monday,Day,31,2.65,5.0,4,2,4,2,0,0,0.0,5.17,No,44.8
ROS-316606,FAC-005,Medical Ward A,2025-03-02,Sunday,Day,22,2.57,5.0,3,1,2,1,0,1,0.0,7.33,Yes,28.7
ROS-316645,FAC-005,Medical Ward A,2025-03-15,Saturday,Day,30,2.32,5.0,4,2,4,2,0,0,0.0,5.0,No,31.8
ROS-316719,FAC-005,Medical Ward A,2025-04-08,Tuesday,Night,29,2.49,5.0,4,2,4,2,0,0,0.0,4.83,No,35.3
ROS-316723,FAC-005,Medical Ward A,2025-04-10,Thursday,Day,26,1.62,5.0,4,1,4,1,0,0,0.0,5.2,No,36.5
ROS-316837,FAC-005,Medical Ward A,2025-05-18,Sunday,Day,33,2.23,5.0,4,3,4,3,0,0,0.0,4.71,No,38.1
ROS-316960,FAC-005,Medical Ward A,2025-06-28,Saturday,Day,31,2.6,5.0,4,2,4,2,0,0,0.1,5.17,No,33.1
ROS-317005,FAC-005,Medical Ward A,2025-07-13,Sunday,Day,22,2.95,5.0,3,1,3,1,0,0,0.0,5.5,No,39.1
ROS-317048,FAC-005,Medical Ward A,2025-07-27,Sunday,Evening,29,2.44,5.0,4,1,3,1,0,1,4.4,7.25,Yes,28.5
ROS-317078,FAC-005,Medical Ward A,2025-08-06,Wednesday,Evening,24,2.17,5.0,3,1,2,1,0,1,0.5,8.0,Yes,36.3
ROS-317088,FAC-005,Medical Ward A,2025-08-09,Saturday,Night,24,1.88,5.0,3,2,2,2,1,2,6.3,6.0,Yes,36.8
ROS-317124,FAC-005,Medical Ward A,2025-08-21,Thursday,Night,33,2.39,5.0,5,2,4,2,0,1,2.4,5.5,No,33.6
ROS-317143,FAC-005,Medical Ward A,2025-08-28,Thursday,Day,24,3.1,5.0,4,2,4,2,1,1,0.0,4.0,No,39.0
ROS-317282,FAC-005,Medical Ward A,2025-10-13,Monday,Evening,31,2.69,5.0,4,2,4,2,0,0,0.0,5.17,No,40.7
ROS-317344,FAC-005,Medical Ward A,2025-11-03,Monday,Day,28,2.01,5.0,5,2,5,2,1,1,2.9,4.0,No,17.8
ROS-317377,FAC-005,Medical Ward A,2025-11-14,Friday,Day,25,2.3,5.0,3,1,2,1,0,1,5.2,8.33,Yes,55.5
ROS-317397,FAC-005,Medical Ward A,2025-11-20,Thursday,Night,25,2.17,5.0,3,2,3,2,1,1,0.0,5.0,No,32.0
ROS-317408,FAC-005,Medical Ward A,2025-11-24,Monday,Evening,29,1.82,5.0,4,1,4,1,0,0,1.8,5.8,Yes,46.8
ROS-317470,FAC-005,Medical Ward A,2025-12-15,Monday,Day,27,2.22,5.0,4,2,4,2,0,0,3.1,4.5,No,33.8
ROS-317633,FAC-005,Aged Care Ward,2025-02-07,Friday,Evening,32,1.93,6.0,4,2,4,2,1,1,0.9,5.33,No,59.2
ROS-317703,FAC-005,Aged Care Ward,2025-03-02,Sunday,Night,31,2.68,6.0,4,1,4,1,0,0,0.9,6.2,No,37.5
ROS-317739,FAC-005,Aged Care Ward,2025-03-14,Friday,Night,28,3.34,6.0,4,1,4,1,0,0,0.0,5.6,No,42.8
ROS-317859,FAC-005,Aged Care Ward,2025-04-23,Wednesday,Night,33,2.52,6.0,4,1,3,1,1,2,3.5,8.25,Yes,40.6
ROS-317896,FAC-005,Aged Care Ward,2025-05-06,Tuesday,Day,30,2.19,6.0,4,1,3,1,0,1,3.9,7.5,Yes,13.8
ROS-318061,FAC-005,Aged Care Ward,2025-06-30,Monday,Day,30,2.07,6.0,4,1,4,1,0,0,0.1,6.0,No,53.9
ROS-318176,FAC-005,Aged Care Ward,2025-08-07,Thursday,Evening,39,2.88,6.0,4,2,4,2,0,0,1.1,6.5,No,27.1
ROS-318296,FAC-005,Aged Care Ward,2025-09-16,Tuesday,Evening,26,2.82,6.0,3,2,3,2,1,1,3.0,5.2,No,33.6
ROS-318345,FAC-005,Aged Care Ward,2025-10-02,Thursday,Night,25,2.56,6.0,3,1,2,1,1,2,1.8,8.33,Yes,46.5
ROS-318357,FAC-005,Aged Care Ward,2025-10-06,Monday,Night,28,2.33,6.0,4,2,4,2,0,0,0.0,4.67,No,51.8
ROS-318397,FAC-005,Aged Care Ward,2025-10-20,Monday,Day,30,2.14,6.0,4,1,3,1,0,1,3.0,7.5,Yes,49.9
ROS-318442,FAC-005,Aged Care Ward,2025-11-04,Tuesday,Day,28,2.22,6.0,4,1,4,1,1,1,2.9,5.6,No,46.8
ROS-318504,FAC-005,Aged Care Ward,2025-11-24,Monday,Night,25,2.17,6.0,3,1,3,1,0,0,0.0,6.25,No,41.0
ROS-318507,FAC-005,Aged Care Ward,2025-11-25,Tuesday,Night,28,1.89,6.0,4,2,4,2,0,0,0.5,4.67,No,45.1
ROS-318528,FAC-005,Aged Care Ward,2025-12-02,Tuesday,Night,33,2.56,6.0,6,2,5,2,0,1,0.6,4.71,No,26.8
ROS-318530,FAC-005,Aged Care Ward,2025-12-03,Wednesday,Evening,24,2.02,6.0,2,2,2,2,1,1,0.0,6.0,No,31.4
ROS-318553,FAC-005,Aged Care Ward,2025-12-11,Thursday,Day,33,2.61,6.0,5,1,5,1,0,0,0.8,5.5,No,39.3
ROS-318592,FAC-005,Aged Care Ward,2025-12-24,Wednesday,Day,34,2.75,6.0,4,2,4,2,0,0,1.9,5.67,No,24.9
ROS-318659,FAC-005,Forensic Mental Health Unit,2025-01-15,Wednesday,Evening,19,1.49,3.0,4,2,4,2,0,0,0.1,3.17,No,49.9
ROS-318694,FAC-005,Forensic Mental Health Unit,2025-01-27,Monday,Day,19,3.51,3.0,4,2,4,2,1,1,2.5,3.17,No,66.1
ROS-318803,FAC-005,Forensic Mental Health Unit,2025-03-04,Tuesday,Evening,16,2.8,3.0,4,1,3,1,0,1,2.6,4.0,Yes,38.2
ROS-318904,FAC-005,Forensic Mental Health Unit,2025-04-07,Monday,Day,19,3.07,3.0,4,1,4,1,0,0,1.3,3.8,Yes,19.6
ROS-318940,FAC-005,Forensic Mental Health Unit,2025-04-19,Saturday,Day,20,2.99,3.0,5,3,5,3,1,1,4.9,2.5,No,40.4
ROS-319024,FAC-005,Forensic Mental Health Unit,2025-05-17,Saturday,Day,15,3.03,3.0,4,1,4,1,1,1,0.8,3.0,No,46.3
ROS-319042,FAC-005,Forensic Mental Health Unit,2025-05-23,Friday,Day,18,3.28,3.0,4,1,4,1,0,0,0.6,3.6,Yes,49.7
ROS-319086,FAC-005,Forensic Mental Health Unit,2025-06-06,Friday,Night,18,2.5,3.0,5,2,5,2,1,1,4.8,2.57,No,29.9
ROS-319134,FAC-005,Forensic Mental Health Unit,2025-06-22,Sunday,Night,15,3.25,3.0,3,1,3,1,1,1,0.0,3.75,Yes,30.1
ROS-319172,FAC-005,Forensic Mental Health Unit,2025-07-05,Saturday,Evening,15,3.57,3.0,4,2,4,2,0,0,0.0,2.5,No,41.6
ROS-319187,FAC-005,Forensic Mental Health Unit,2025-07-10,Thursday,Evening,14,3.68,3.0,4,1,4,1,1,1,0.0,2.8,No,43.6
ROS-319204,FAC-005,Forensic Mental Health Unit,2025-07-16,Wednesday,Day,14,3.51,3.0,4,1,4,1,0,0,0.0,2.8,No,43.9
ROS-319254,FAC-005,Forensic Mental Health Unit,2025-08-01,Friday,Night,14,3.14,3.0,4,2,4,2,0,0,0.0,2.33,No,32.8
ROS-319280,FAC-005,Forensic Mental Health Unit,2025-08-10,Sunday,Evening,19,3.74,3.0,5,2,5,2,0,0,0.0,2.71,No,44.4
ROS-319317,FAC-005,Forensic Mental Health Unit,2025-08-22,Friday,Night,20,2.79,3.0,5,2,5,2,0,0,0.0,2.86,No,32.8
ROS-319361,FAC-005,Forensic Mental Health Unit,2025-09-06,Saturday,Evening,22,3.51,3.0,5,2,5,2,1,1,2.6,3.14,No,48.2
ROS-319376,FAC-005,Forensic Mental Health Unit,2025-09-11,Thursday,Evening,18,3.14,3.0,4,2,4,2,0,0,0.0,3.0,No,35.6
ROS-319385,FAC-005,Forensic Mental Health Unit,2025-09-14,Sunday,Evening,22,3.39,3.0,4,2,4,2,0,0,2.2,3.67,Yes,23.4
ROS-319401,FAC-005,Forensic Mental Health Unit,2025-09-19,Friday,Night,18,2.52,3.0,5,2,5,2,0,0,1.3,2.57,No,49.7
ROS-319466,FAC-005,Forensic Mental Health Unit,2025-10-11,Saturday,Evening,19,3.66,3.0,4,1,3,1,0,1,2.0,4.75,Yes,47.7
ROS-319523,FAC-005,Forensic Mental Health Unit,2025-10-30,Thursday,Evening,20,2.33,3.0,4,2,4,2,1,1,2.6,3.33,No,36.8
ROS-319539,FAC-005,Forensic Mental Health Unit,2025-11-04,Tuesday,Night,16,3.88,3.0,3,1,3,1,0,0,0.0,4.0,Yes,25.9
ROS-319601,FAC-005,Forensic Mental Health Unit,2025-11-25,Tuesday,Evening,12,2.02,3.0,3,1,3,1,0,0,0.8,3.0,No,27.3
ROS-319665,FAC-005,Forensic Mental Health Unit,2025-12-16,Tuesday,Night,18,4.11,3.0,4,2,4,2,1,1,1.9,3.0,No,42.2
ROS-319695,FAC-005,Forensic Mental Health Unit,2025-12-26,Friday,Night,16,3.54,3.0,4,2,3,2,1,2,4.9,3.2,No,40.9
ROS-319724,FAC-005,Coronary Care Unit,2025-01-05,Sunday,Evening,11,3.33,1.5,5,2,5,2,0,0,0.0,1.57,No,35.9
ROS-319780,FAC-005,Coronary Care Unit,2025-01-24,Friday,Day,12,2.01,1.5,5,3,5,3,0,0,0.0,1.5,No,60.4
ROS-319792,FAC-005,Coronary Care Unit,2025-01-28,Tuesday,Day,14,2.41,1.5,7,3,7,3,2,2,3.5,1.4,No,34.7
ROS-319888,FAC-005,Coronary Care Unit,2025-03-01,Saturday,Day,12,2.12,1.5,6,2,6,2,1,1,0.0,1.5,No,69.7
ROS-319959,FAC-005,Coronary Care Unit,2025-03-24,Monday,Night,12,2.92,1.5,6,4,5,4,0,1,3.3,1.33,No,32.5
ROS-319978,FAC-005,Coronary Care Unit,2025-03-31,Monday,Day,13,1.99,1.5,7,3,5,3,0,2,5.1,1.62,No,31.2
ROS-320243,FAC-005,Coronary Care Unit,2025-06-27,Friday,Evening,13,2.33,1.5,6,2,5,2,0,1,5.3,1.86,Yes,19.4
ROS-320247,FAC-005,Coronary Care Unit,2025-06-28,Saturday,Night,13,3.93,1.5,6,3,6,3,0,0,4.1,1.44,No,40.8
ROS-320332,FAC-005,Coronary Care Unit,2025-07-27,Sunday,Day,11,4.25,1.5,5,2,5,2,0,0,0.0,1.57,No,43.5
ROS-320364,FAC-005,Coronary Care Unit,2025-08-06,Wednesday,Night,11,2.82,1.5,5,2,5,2,0,0,3.0,1.57,No,43.3
ROS-320369,FAC-005,Coronary Care Unit,2025-08-08,Friday,Evening,13,2.9,1.5,6,4,6,4,1,1,7.3,1.3,No,25.0
ROS-320418,FAC-005,Coronary Care Unit,2025-08-24,Sunday,Night,11,2.66,1.5,5,3,5,3,1,1,0.0,1.38,No,31.2
ROS-320526,FAC-005,Coronary Care Unit,2025-09-29,Monday,Night,15,2.66,1.5,7,4,7,4,1,1,0.5,1.36,No,40.9
ROS-320535,FAC-005,Coronary Care Unit,2025-10-02,Thursday,Night,12,3.47,1.5,6,2,6,2,0,0,0.0,1.5,No,37.9
ROS-320622,FAC-005,Coronary Care Unit,2025-10-31,Friday,Night,11,2.32,1.5,6,2,6,2,0,0,0.0,1.38,No,37.7
ROS-320683,FAC-005,Coronary Care Unit,2025-11-21,Friday,Day,11,2.0,1.5,6,3,6,3,0,0,0.0,1.22,No,39.4
ROS-320717,FAC-005,Coronary Care Unit,2025-12-02,Tuesday,Evening,11,1.66,1.5,5,2,5,2,1,1,3.8,1.57,No,41.1
ROS-320816,FAC-006,ICU,2025-01-04,Saturday,Evening,10,3.34,1.0,7,4,7,4,1,1,3.7,0.91,No,38.1
ROS-320854,FAC-006,ICU,2025-01-17,Friday,Day,12,4.35,1.0,8,4,8,4,0,0,0.0,1.0,No,36.6
ROS-320901,FAC-006,ICU,2025-02-01,Saturday,Night,8,2.19,1.0,5,3,5,3,0,0,1.1,1.0,No,39.1
ROS-320907,FAC-006,ICU,2025-02-03,Monday,Night,10,2.97,1.0,8,3,8,3,0,0,0.0,0.91,No,44.1
ROS-320908,FAC-006,ICU,2025-02-04,Tuesday,Day,11,2.78,1.0,9,2,8,2,0,1,3.0,1.1,No,37.2
ROS-320927,FAC-006,ICU,2025-02-10,Monday,Evening,9,2.68,1.0,7,2,7,2,0,0,1.0,1.0,No,25.2
ROS-320961,FAC-006,ICU,2025-02-21,Friday,Night,9,2.6,1.0,6,2,6,2,0,0,2.8,1.12,No,43.6
ROS-320982,FAC-006,ICU,2025-02-28,Friday,Night,8,1.76,1.0,6,2,6,2,1,1,1.4,1.0,No,46.4
ROS-321043,FAC-006,ICU,2025-03-21,Friday,Day,11,4.05,1.0,9,4,9,4,0,0,0.7,0.85,No,44.8
ROS-321056,FAC-006,ICU,2025-03-25,Tuesday,Evening,8,3.85,1.0,6,3,6,3,0,0,0.0,0.89,No,49.2
ROS-321165,FAC-006,ICU,2025-04-30,Wednesday,Night,9,2.29,1.0,7,1,6,1,0,1,0.6,1.29,Yes,33.7
ROS-321289,FAC-006,ICU,2025-06-11,Wednesday,Day,9,2.42,1.0,7,2,7,2,0,0,0.0,1.0,No,36.0
ROS-321362,FAC-006,ICU,2025-07-05,Saturday,Evening,10,3.07,1.0,7,4,6,4,0,1,0.0,1.0,No,48.6
ROS-321385,FAC-006,ICU,2025-07-13,Sunday,Day,12,2.8,1.0,7,3,7,3,0,0,1.2,1.2,Yes,30.7
ROS-321399,FAC-006,ICU,2025-07-17,Thursday,Night,10,2.85,1.0,9,3,9,3,0,0,0.0,0.83,No,40.6
ROS-321436,FAC-006,ICU,2025-07-30,Wednesday,Day,9,3.12,1.0,7,4,7,4,0,0,0.1,0.82,No,29.8
ROS-321448,FAC-006,ICU,2025-08-03,Sunday,Day,7,2.17,1.0,5,2,5,2,1,1,0.0,1.0,No,37.2
ROS-321529,FAC-006,ICU,2025-08-30,Saturday,Day,10,3.62,1.0,6,4,6,4,1,1,2.2,1.0,No,42.8
ROS-321554,FAC-006,ICU,2025-09-07,Sunday,Evening,14,2.95,1.0,12,5,12,5,2,2,0.0,0.82,No,18.9
ROS-321589,FAC-006,ICU,2025-09-19,Friday,Day,11,2.87,1.0,6,4,6,4,0,0,3.0,1.1,No,50.6
ROS-321609,FAC-006,ICU,2025-09-25,Thursday,Night,9,3.42,1.0,6,2,6,2,0,0,0.0,1.12,No,36.0
ROS-321629,FAC-006,ICU,2025-10-02,Thursday,Evening,8,2.49,1.0,6,3,5,3,0,1,0.0,1.0,No,42.8
ROS-321648,FAC-006,ICU,2025-10-08,Wednesday,Night,10,3.45,1.0,7,4,6,4,1,2,4.9,1.0,No,28.6
ROS-321821,FAC-006,ICU,2025-12-05,Friday,Evening,11,3.33,1.0,8,4,8,4,0,0,0.0,0.92,No,44.4
ROS-322047,FAC-006,Rehabilitation Ward,2025-02-18,Tuesday,Night,21,2.41,6.0,3,1,2,1,1,2,3.9,7.0,Yes,26.0
ROS-322068,FAC-006,Rehabilitation Ward,2025-02-25,Tuesday,Night,22,1.63,6.0,3,1,3,1,0,0,0.0,5.5,No,54.8
ROS-322071,FAC-006,Rehabilitation Ward,2025-02-26,Wednesday,Night,17,2.35,6.0,2,1,2,1,1,1,3.6,5.67,No,43.8
ROS-322178,FAC-006,Rehabilitation Ward,2025-04-03,Thursday,Evening,26,2.68,6.0,3,1,3,1,1,1,3.8,6.5,No,48.1
ROS-322193,FAC-006,Rehabilitation Ward,2025-04-08,Tuesday,Evening,22,2.56,6.0,3,1,3,1,0,0,1.3,5.5,No,52.0
ROS-322208,FAC-006,Rehabilitation Ward,2025-04-13,Sunday,Evening,25,2.44,6.0,4,1,3,1,1,2,5.1,6.25,No,42.1
ROS-322254,FAC-006,Rehabilitation Ward,2025-04-28,Monday,Night,22,2.85,6.0,3,1,3,1,0,0,0.0,5.5,No,43.4
ROS-322256,FAC-006,Rehabilitation Ward,2025-04-29,Tuesday,Evening,19,2.46,6.0,2,1,2,1,0,0,0.0,6.33,No,47.9
ROS-322267,FAC-006,Rehabilitation Ward,2025-05-03,Saturday,Day,28,2.55,6.0,4,1,4,1,1,1,2.0,5.6,No,18.7
ROS-322354,FAC-006,Rehabilitation Ward,2025-06-01,Sunday,Day,25,2.71,6.0,2,1,1,1,0,2,1.8,12.5,Yes,44.7
ROS-322356,FAC-006,Rehabilitation Ward,2025-06-01,Sunday,Night,17,2.15,6.0,2,1,2,1,0,0,1.8,5.67,No,41.3
ROS-322406,FAC-006,Rehabilitation Ward,2025-06-18,Wednesday,Evening,26,2.46,6.0,3,1,3,1,0,0,1.8,6.5,No,43.5
ROS-322414,FAC-006,Rehabilitation Ward,2025-06-21,Saturday,Day,21,2.48,6.0,2,1,2,1,0,0,0.0,7.0,Yes,40.9
ROS-322429,FAC-006,Rehabilitation Ward,2025-06-26,Thursday,Day,24,2.71,6.0,3,2,2,2,0,1,6.1,6.0,No,38.1
ROS-322461,FAC-006,Rehabilitation Ward,2025-07-06,Sunday,Night,22,3.49,6.0,3,1,3,1,1,1,2.7,5.5,No,29.8
ROS-322540,FAC-006,Rehabilitation Ward,2025-08-02,Saturday,Day,23,3.17,6.0,3,2,3,2,0,0,0.5,4.6,No,31.1
ROS-322618,FAC-006,Rehabilitation Ward,2025-08-28,Thursday,Day,21,1.95,6.0,2,1,2,1,0,0,0.0,7.0,Yes,53.6
ROS-322629,FAC-006,Rehabilitation Ward,2025-08-31,Sunday,Night,24,2.83,6.0,3,1,3,1,0,0,3.5,6.0,No,41.6
ROS-322696,FAC-006,Rehabilitation Ward,2025-09-23,Tuesday,Day,20,1.88,6.0,2,0,2,0,0,0,0.0,10.0,Yes,43.3
ROS-322826,FAC-006,Rehabilitation Ward,2025-11-05,Wednesday,Evening,19,2.47,6.0,2,1,2,1,0,0,0.0,6.33,No,46.1
ROS-322859,FAC-006,Rehabilitation Ward,2025-11-16,Sunday,Evening,22,1.56,6.0,3,1,3,1,1,1,6.2,5.5,No,58.1
ROS-323079,FAC-006,General Mental Health Unit,2025-01-28,Tuesday,Night,24,2.76,4.5,3,1,3,1,1,1,2.3,6.0,Yes,49.9
ROS-323086,FAC-006,General Mental Health Unit,2025-01-31,Friday,Day,29,2.63,4.5,4,2,4,2,0,0,0.9,4.83,No,32.1
ROS-323093,FAC-006,General Mental Health Unit,2025-02-02,Sunday,Evening,22,1.0,4.5,4,2,3,2,0,1,5.5,4.4,No,28.9
ROS-323211,FAC-006,General Mental Health Unit,2025-03-13,Thursday,Night,20,1.58,4.5,3,1,3,1,0,0,0.0,5.0,No,33.6
ROS-323272,FAC-006,General Mental Health Unit,2025-04-03,Thursday,Day,22,2.58,4.5,4,1,3,1,0,1,2.5,5.5,Yes,40.4
ROS-323273,FAC-006,General Mental Health Unit,2025-04-03,Thursday,Evening,21,2.43,4.5,3,2,3,2,0,0,0.0,4.2,No,45.8
ROS-323288,FAC-006,General Mental Health Unit,2025-04-08,Tuesday,Evening,27,1.65,4.5,4,2,4,2,1,1,2.5,4.5,No,44.1
ROS-323386,FAC-006,General Mental Health Unit,2025-05-11,Sunday,Day,21,1.03,4.5,4,1,3,1,0,1,7.0,5.25,Yes,47.6
ROS-323519,FAC-006,General Mental Health Unit,2025-06-24,Tuesday,Evening,28,2.25,4.5,4,2,4,2,0,0,0.0,4.67,No,60.7
ROS-323666,FAC-006,General Mental Health Unit,2025-08-12,Tuesday,Evening,20,1.57,4.5,3,1,2,1,0,1,3.5,6.67,Yes,36.0
ROS-323771,FAC-006,General Mental Health Unit,2025-09-16,Tuesday,Evening,14,1.7,4.5,2,1,2,1,0,0,3.0,4.67,No,42.2
ROS-323799,FAC-006,General Mental Health Unit,2025-09-25,Thursday,Night,19,2.49,4.5,2,1,2,1,1,2,0.0,6.33,Yes,46.3
ROS-323821,FAC-006,General Mental Health Unit,2025-10-03,Friday,Day,21,2.09,4.5,4,1,4,1,0,0,1.3,4.2,No,9.5
ROS-323894,FAC-006,General Mental Health Unit,2025-10-27,Monday,Evening,21,2.24,4.5,3,1,3,1,1,1,0.0,5.25,Yes,56.5
ROS-323912,FAC-006,General Mental Health Unit,2025-11-02,Sunday,Evening,19,2.15,4.5,3,1,3,1,0,0,0.0,4.75,No,38.6
ROS-323918,FAC-006,General Mental Health Unit,2025-11-04,Tuesday,Evening,22,3.55,4.5,3,1,3,1,0,0,2.3,5.5,Yes,24.9
ROS-324026,FAC-006,General Mental Health Unit,2025-12-10,Wednesday,Evening,19,2.41,4.5,3,1,3,1,0,0,1.3,4.75,No,38.1
ROS-324081,FAC-006,General Mental Health Unit,2025-12-28,Sunday,Night,21,2.36,4.5,3,2,3,2,1,1,4.5,4.2,No,21.8
ROS-324165,FAC-007,Coronary Care Unit,2025-01-25,Saturday,Night,10,3.03,1.5,5,2,4,2,0,1,2.4,1.67,No,41.1
ROS-324270,FAC-007,Coronary Care Unit,2025-03-01,Saturday,Night,13,2.65,1.5,7,4,6,4,2,3,5.1,1.3,No,26.9
ROS-324295,FAC-007,Coronary Care Unit,2025-03-10,Monday,Day,12,2.83,1.5,6,2,6,2,0,0,0.0,1.5,No,44.4
ROS-324326,FAC-007,Coronary Care Unit,2025-03-20,Thursday,Evening,13,3.32,1.5,5,1,5,1,1,1,0.0,2.17,Yes,26.4
ROS-324413,FAC-007,Coronary Care Unit,2025-04-18,Friday,Evening,14,2.9,1.5,7,3,7,3,1,1,1.7,1.4,No,28.7
ROS-324418,FAC-007,Coronary Care Unit,2025-04-20,Sunday,Day,12,2.44,1.5,6,3,6,3,0,0,2.8,1.33,No,37.6
ROS-324502,FAC-007,Coronary Care Unit,2025-05-18,Sunday,Day,10,3.47,1.5,5,1,5,1,1,1,0.2,1.67,No,30.2
ROS-324511,FAC-007,Coronary Care Unit,2025-05-21,Wednesday,Day,11,4.13,1.5,5,2,4,2,0,1,0.0,1.83,Yes,30.4
ROS-324576,FAC-007,Coronary Care Unit,2025-06-11,Wednesday,Night,12,3.3,1.5,6,1,6,1,0,0,3.5,1.71,No,39.7
ROS-324656,FAC-007,Coronary Care Unit,2025-07-08,Tuesday,Evening,11,3.78,1.5,5,2,5,2,0,0,1.2,1.57,No,57.9
ROS-324782,FAC-007,Coronary Care Unit,2025-08-19,Tuesday,Evening,10,2.56,1.5,6,2,6,2,0,0,1.8,1.25,No,57.4
ROS-324914,FAC-007,Coronary Care Unit,2025-10-02,Thursday,Evening,11,2.92,1.5,5,2,5,2,1,1,0.2,1.57,No,40.1
ROS-324963,FAC-007,Coronary Care Unit,2025-10-18,Saturday,Night,14,2.89,1.5,6,3,5,3,0,1,3.8,1.75,Yes,33.2
ROS-324999,FAC-007,Coronary Care Unit,2025-10-30,Thursday,Night,12,2.86,1.5,6,2,6,2,0,0,5.4,1.5,No,52.9
ROS-325091,FAC-007,Coronary Care Unit,2025-11-30,Sunday,Evening,9,3.43,1.5,5,3,5,3,0,0,0.4,1.12,No,32.6
ROS-325128,FAC-007,Coronary Care Unit,2025-12-12,Friday,Night,12,2.96,1.5,6,2,5,2,1,2,5.4,1.71,No,46.7
ROS-325275,FAC-007,Medical Ward B,2025-01-30,Thursday,Night,24,1.46,5.0,3,2,3,2,0,0,0.6,4.8,No,33.8
ROS-325278,FAC-007,Medical Ward B,2025-01-31,Friday,Night,27,2.58,5.0,3,2,3,2,0,0,0.0,5.4,No,34.1
ROS-325279,FAC-007,Medical Ward B,2025-02-01,Saturday,Day,19,2.41,5.0,3,1,3,1,0,0,0.0,4.75,No,34.8
ROS-325328,FAC-007,Medical Ward B,2025-02-17,Monday,Evening,25,1.89,5.0,3,1,3,1,0,0,0.2,6.25,Yes,36.3
ROS-325369,FAC-007,Medical Ward B,2025-03-03,Monday,Day,27,2.18,5.0,3,2,3,2,0,0,1.2,5.4,No,27.6
ROS-325398,FAC-007,Medical Ward B,2025-03-12,Wednesday,Night,32,2.35,5.0,5,2,5,2,0,0,0.0,4.57,No,41.2
ROS-325436,FAC-007,Medical Ward B,2025-03-25,Tuesday,Evening,23,2.22,5.0,4,1,4,1,0,0,0.0,4.6,No,34.8
ROS-325507,FAC-007,Medical Ward B,2025-04-18,Friday,Day,22,3.44,5.0,3,2,3,2,0,0,2.6,4.4,No,51.3
ROS-325532,FAC-007,Medical Ward B,2025-04-26,Saturday,Evening,31,1.65,5.0,5,2,5,2,0,0,1.0,4.43,No,45.6
ROS-325538,FAC-007,Medical Ward B,2025-04-28,Monday,Evening,21,2.02,5.0,3,1,2,1,1,2,3.3,7.0,Yes,34.2
ROS-325582,FAC-007,Medical Ward B,2025-05-13,Tuesday,Day,27,1.98,5.0,5,2,5,2,0,0,0.0,3.86,No,52.9
ROS-325596,FAC-007,Medical Ward B,2025-05-17,Saturday,Night,23,2.62,5.0,3,2,3,2,0,0,0.9,4.6,No,25.3
ROS-325632,FAC-007,Medical Ward B,2025-05-29,Thursday,Night,30,2.18,5.0,4,1,4,1,1,1,5.9,6.0,Yes,36.8
ROS-325640,FAC-007,Medical Ward B,2025-06-01,Sunday,Evening,28,2.56,5.0,4,2,4,2,1,1,2.6,4.67,No,33.9
ROS-325669,FAC-007,Medical Ward B,2025-06-11,Wednesday,Day,27,1.84,5.0,4,1,4,1,1,1,3.3,5.4,No,51.0
ROS-325746,FAC-007,Medical Ward B,2025-07-06,Sunday,Night,31,1.31,5.0,4,2,4,2,0,0,0.8,5.17,No,42.4
ROS-325861,FAC-007,Medical Ward B,2025-08-14,Thursday,Day,30,2.75,5.0,4,2,3,2,0,1,3.9,6.0,Yes,28.8
ROS-325905,FAC-007,Medical Ward B,2025-08-28,Thursday,Night,24,2.31,5.0,3,2,3,2,1,1,1.7,4.8,No,51.6
ROS-325950,FAC-007,Medical Ward B,2025-09-12,Friday,Night,33,2.5,5.0,5,2,4,2,0,1,2.1,5.5,No,27.6
ROS-325952,FAC-007,Medical Ward B,2025-09-13,Saturday,Evening,25,2.81,5.0,3,1,3,1,0,0,0.0,6.25,Yes,40.7
ROS-325972,FAC-007,Medical Ward B,2025-09-20,Saturday,Day,27,1.08,5.0,4,2,3,2,0,1,1.5,5.4,No,20.5
ROS-325986,FAC-007,Medical Ward B,2025-09-24,Wednesday,Night,24,1.5,5.0,4,1,2,1,0,2,7.3,8.0,Yes,34.4
ROS-326080,FAC-007,Medical Ward B,2025-10-26,Sunday,Day,29,2.97,5.0,4,2,4,2,1,1,1.9,4.83,No,49.9
ROS-326121,FAC-007,Medical Ward B,2025-11-08,Saturday,Night,23,2.84,5.0,4,1,4,1,0,0,0.0,4.6,No,52.6
ROS-326168,FAC-007,Medical Ward B,2025-11-24,Monday,Evening,26,2.84,5.0,4,1,3,1,0,1,5.1,6.5,Yes,48.2
ROS-326185,FAC-007,Medical Ward B,2025-11-30,Sunday,Day,23,3.01,5.0,4,2,4,2,0,0,1.8,3.83,No,22.8
ROS-326204,FAC-007,Medical Ward B,2025-12-06,Saturday,Evening,34,1.71,5.0,5,2,5,2,0,0,0.0,4.86,No,29.9
ROS-326233,FAC-007,Medical Ward B,2025-12-16,Tuesday,Day,24,2.66,5.0,3,1,3,1,0,0,0.0,6.0,Yes,32.7
ROS-326249,FAC-007,Medical Ward B,2025-12-21,Sunday,Evening,29,3.94,5.0,4,2,3,2,0,1,2.1,5.8,Yes,40.1
ROS-326285,FAC-007,Forensic Mental Health Unit,2025-01-02,Thursday,Evening,17,3.39,3.0,5,3,5,3,0,0,0.0,2.12,No,39.9
ROS-326312,FAC-007,Forensic Mental Health Unit,2025-01-11,Saturday,Evening,14,3.46,3.0,3,1,3,1,0,0,0.5,3.5,Yes,34.8
ROS-326393,FAC-007,Forensic Mental Health Unit,2025-02-07,Friday,Evening,15,2.54,3.0,4,2,4,2,0,0,2.2,2.5,No,47.3
ROS-326489,FAC-007,Forensic Mental Health Unit,2025-03-11,Tuesday,Evening,17,3.59,3.0,4,3,4,3,0,0,0.0,2.43,No,38.1
ROS-326548,FAC-007,Forensic Mental Health Unit,2025-03-31,Monday,Day,19,2.55,3.0,5,2,4,2,0,1,4.4,3.17,No,26.7
ROS-326612,FAC-007,Forensic Mental Health Unit,2025-04-21,Monday,Evening,18,2.97,3.0,3,3,2,3,0,1,1.2,3.6,Yes,25.2
ROS-326770,FAC-007,Forensic Mental Health Unit,2025-06-13,Friday,Day,19,4.28,3.0,5,2,5,2,0,0,0.0,2.71,No,40.9
ROS-326845,FAC-007,Forensic Mental Health Unit,2025-07-08,Tuesday,Day,19,2.32,3.0,4,2,4,2,0,0,0.0,3.17,No,48.7
ROS-326864,FAC-007,Forensic Mental Health Unit,2025-07-14,Monday,Evening,15,2.78,3.0,4,2,4,2,1,1,2.1,2.5,No,33.4
ROS-326956,FAC-007,Forensic Mental Health Unit,2025-08-14,Thursday,Day,19,2.68,3.0,3,1,3,1,0,0,0.0,4.75,Yes,37.5
ROS-326960,FAC-007,Forensic Mental Health Unit,2025-08-15,Friday,Evening,19,3.9,3.0,5,2,5,2,0,0,0.0,2.71,No,38.0
ROS-327054,FAC-007,Forensic Mental Health Unit,2025-09-15,Monday,Night,19,2.25,3.0,4,1,4,1,0,0,0.1,3.8,Yes,49.7
ROS-327132,FAC-007,Forensic Mental Health Unit,2025-10-11,Saturday,Night,15,4.37,3.0,4,2,3,2,0,1,3.2,3.0,No,36.1
ROS-327213,FAC-007,Forensic Mental Health Unit,2025-11-07,Friday,Night,17,2.92,3.0,4,2,2,2,0,2,7.5,4.25,Yes,45.0
ROS-327285,FAC-007,Forensic Mental Health Unit,2025-12-01,Monday,Night,20,3.31,3.0,6,2,6,2,0,0,0.0,2.5,No,28.2
ROS-327343,FAC-007,Forensic Mental Health Unit,2025-12-21,Sunday,Day,19,3.51,3.0,4,1,4,1,0,0,0.0,3.8,Yes,56.6
ROS-327356,FAC-007,Forensic Mental Health Unit,2025-12-25,Thursday,Evening,19,3.52,3.0,4,1,4,1,0,0,0.0,3.8,Yes,46.7
ROS-327402,FAC-007,Paediatric Ward,2025-01-09,Thursday,Night,20,2.4,4.0,4,1,4,1,0,0,0.0,4.0,No,47.5
ROS-327424,FAC-007,Paediatric Ward,2025-01-17,Friday,Day,19,1.0,4.0,4,2,4,2,0,0,0.0,3.17,No,45.2
ROS-327524,FAC-007,Paediatric Ward,2025-02-19,Wednesday,Evening,19,3.09,4.0,4,2,4,2,0,0,0.0,3.17,No,38.9
ROS-327563,FAC-007,Paediatric Ward,2025-03-04,Tuesday,Evening,18,2.74,4.0,3,1,3,1,0,0,0.0,4.5,No,38.3
ROS-327632,FAC-007,Paediatric Ward,2025-03-27,Thursday,Evening,20,2.0,4.0,4,2,4,2,2,2,4.9,3.33,No,31.9
ROS-327672,FAC-007,Paediatric Ward,2025-04-09,Wednesday,Night,20,2.12,4.0,4,2,4,2,0,0,0.3,3.33,No,28.1
ROS-327933,FAC-007,Paediatric Ward,2025-07-05,Saturday,Night,14,2.28,4.0,3,1,2,1,0,1,3.4,4.67,Yes,45.1
ROS-327936,FAC-007,Paediatric Ward,2025-07-06,Sunday,Night,22,2.38,4.0,5,2,4,2,1,2,4.3,3.67,No,29.2
ROS-328059,FAC-007,Paediatric Ward,2025-08-16,Saturday,Night,20,3.04,4.0,4,2,2,2,0,2,8.2,5.0,Yes,47.3
ROS-328091,FAC-007,Paediatric Ward,2025-08-27,Wednesday,Evening,19,1.75,4.0,4,1,4,1,0,0,0.0,3.8,No,34.0
ROS-328119,FAC-007,Paediatric Ward,2025-09-05,Friday,Night,16,3.09,4.0,3,1,1,1,0,2,6.2,8.0,Yes,40.7
ROS-328175,FAC-007,Paediatric Ward,2025-09-24,Wednesday,Evening,21,2.88,4.0,3,2,2,2,0,1,4.7,5.25,Yes,35.7
ROS-328178,FAC-007,Paediatric Ward,2025-09-25,Thursday,Evening,27,2.39,4.0,5,2,4,2,1,2,6.5,4.5,No,44.8
ROS-328252,FAC-007,Paediatric Ward,2025-10-20,Monday,Day,21,2.52,4.0,3,2,3,2,0,0,0.0,4.2,No,31.0
ROS-328314,FAC-007,Paediatric Ward,2025-11-09,Sunday,Night,18,2.47,4.0,3,1,3,1,0,0,0.0,4.5,No,58.9
ROS-328417,FAC-007,Paediatric Ward,2025-12-14,Sunday,Day,25,1.57,4.0,4,1,3,1,0,1,4.3,6.25,Yes,32.8
ROS-328481,FAC-007,General Mental Health Unit,2025-01-04,Saturday,Evening,22,2.17,4.5,3,1,2,1,0,1,2.2,7.33,Yes,39.5
ROS-328642,FAC-007,General Mental Health Unit,2025-02-27,Thursday,Day,23,2.0,4.5,4,1,3,1,0,1,1.7,5.75,Yes,28.6
ROS-328773,FAC-007,General Mental Health Unit,2025-04-11,Friday,Night,21,2.39,4.5,4,2,4,2,0,0,1.3,3.5,No,25.4
ROS-328820,FAC-007,General Mental Health Unit,2025-04-27,Sunday,Evening,22,2.83,4.5,3,2,2,2,0,1,1.8,5.5,Yes,49.2
ROS-328836,FAC-007,General Mental Health Unit,2025-05-02,Friday,Night,16,1.4,4.5,3,1,3,1,0,0,0.9,4.0,No,42.3
ROS-328861,FAC-007,General Mental Health Unit,2025-05-11,Sunday,Day,20,2.29,4.5,3,2,3,2,0,0,1.7,4.0,No,41.7
ROS-328921,FAC-007,General Mental Health Unit,2025-05-31,Saturday,Day,27,2.5,4.5,4,2,4,2,1,1,3.8,4.5,No,18.0
ROS-328963,FAC-007,General Mental Health Unit,2025-06-14,Saturday,Day,22,3.31,4.5,4,1,4,1,0,0,0.0,4.4,No,40.2
ROS-328978,FAC-007,General Mental Health Unit,2025-06-19,Thursday,Day,21,2.41,4.5,4,2,4,2,1,1,4.6,3.5,No,18.5
ROS-329054,FAC-007,General Mental Health Unit,2025-07-14,Monday,Evening,26,2.39,4.5,5,2,5,2,0,0,0.0,3.71,No,46.6
ROS-329084,FAC-007,General Mental Health Unit,2025-07-24,Thursday,Evening,26,2.08,4.5,4,2,4,2,0,0,0.0,4.33,No,18.1
ROS-329104,FAC-007,General Mental Health Unit,2025-07-31,Thursday,Day,20,3.25,4.5,3,0,3,0,0,0,1.7,6.67,Yes,53.6
ROS-329114,FAC-007,General Mental Health Unit,2025-08-03,Sunday,Evening,25,2.07,4.5,4,2,4,2,1,1,1.5,4.17,No,34.7
ROS-329188,FAC-007,General Mental Health Unit,2025-08-28,Thursday,Day,16,3.3,4.5,3,1,3,1,0,0,0.0,4.0,No,47.4
ROS-329192,FAC-007,General Mental Health Unit,2025-08-29,Friday,Evening,20,1.4,4.5,3,1,3,1,0,0,0.0,5.0,No,36.6
ROS-329202,FAC-007,General Mental Health Unit,2025-09-01,Monday,Night,19,1.57,4.5,3,2,2,2,0,1,5.2,4.75,No,41.0
ROS-329266,FAC-007,General Mental Health Unit,2025-09-23,Tuesday,Day,20,1.84,4.5,3,1,3,1,0,0,1.1,5.0,No,31.8
ROS-329304,FAC-007,General Mental Health Unit,2025-10-05,Sunday,Night,23,3.1,4.5,4,2,2,2,0,2,7.1,5.75,Yes,40.3
ROS-329411,FAC-007,General Mental Health Unit,2025-11-10,Monday,Evening,21,3.18,4.5,3,2,3,2,0,0,0.5,4.2,No,33.6
ROS-329418,FAC-007,General Mental Health Unit,2025-11-12,Wednesday,Night,21,2.2,4.5,4,2,3,2,0,1,2.8,4.2,No,33.0
ROS-329551,FAC-007,General Mental Health Unit,2025-12-27,Saturday,Day,25,2.11,4.5,4,2,4,2,0,0,0.7,4.17,No,53.6
ROS-329613,FAC-008,Aged Care Ward,2025-01-16,Thursday,Night,25,2.05,6.0,3,1,3,1,0,0,0.0,6.25,No,56.9
ROS-329806,FAC-008,Aged Care Ward,2025-03-22,Saturday,Day,25,1.37,6.0,3,1,3,1,0,0,0.0,6.25,No,41.6
ROS-329825,FAC-008,Aged Care Ward,2025-03-28,Friday,Evening,35,2.51,6.0,4,2,3,2,0,1,4.2,7.0,Yes,61.9
ROS-329874,FAC-008,Aged Care Ward,2025-04-13,Sunday,Night,27,1.64,6.0,3,1,3,1,0,0,0.0,6.75,No,29.1
ROS-329927,FAC-008,Aged Care Ward,2025-05-01,Thursday,Evening,28,2.64,6.0,4,2,4,2,0,0,1.4,4.67,No,48.4
ROS-330069,FAC-008,Aged Care Ward,2025-06-17,Tuesday,Night,34,2.49,6.0,4,2,4,2,0,0,2.2,5.67,No,30.3
ROS-330080,FAC-008,Aged Care Ward,2025-06-21,Saturday,Evening,30,2.91,6.0,4,1,3,1,0,1,0.8,7.5,Yes,44.5
ROS-330108,FAC-008,Aged Care Ward,2025-06-30,Monday,Night,36,2.7,6.0,4,3,4,3,0,0,0.4,5.14,No,40.2
ROS-330141,FAC-008,Aged Care Ward,2025-07-11,Friday,Night,26,2.24,6.0,2,1,2,1,0,0,0.4,8.67,Yes,27.1
ROS-330164,FAC-008,Aged Care Ward,2025-07-19,Saturday,Evening,30,2.45,6.0,3,1,3,1,0,0,4.2,7.5,Yes,42.5
ROS-330173,FAC-008,Aged Care Ward,2025-07-22,Tuesday,Evening,29,1.95,6.0,4,1,3,1,1,2,5.1,7.25,Yes,22.5
ROS-330218,FAC-008,Aged Care Ward,2025-08-06,Wednesday,Evening,30,3.34,6.0,4,2,4,2,0,0,1.2,5.0,No,12.8
ROS-330245,FAC-008,Aged Care Ward,2025-08-15,Friday,Evening,32,1.89,6.0,3,2,3,2,0,0,0.0,6.4,No,39.6
ROS-330256,FAC-008,Aged Care Ward,2025-08-19,Tuesday,Day,27,1.76,6.0,3,1,3,1,0,0,1.0,6.75,No,43.0
ROS-330321,FAC-008,Aged Care Ward,2025-09-09,Tuesday,Night,29,1.89,6.0,4,1,4,1,0,0,0.0,5.8,No,34.0
ROS-330347,FAC-008,Aged Care Ward,2025-09-18,Thursday,Evening,34,2.84,6.0,4,1,4,1,0,0,2.6,6.8,No,35.4
ROS-330477,FAC-008,Aged Care Ward,2025-10-31,Friday,Night,26,2.36,6.0,3,1,3,1,0,0,0.0,6.5,No,49.7
ROS-330493,FAC-008,Aged Care Ward,2025-11-06,Thursday,Day,31,2.43,6.0,4,2,4,2,0,0,0.8,5.17,No,21.9
ROS-330505,FAC-008,Aged Care Ward,2025-11-10,Monday,Day,28,1.98,6.0,3,1,3,1,0,0,0.0,7.0,Yes,37.6
ROS-330515,FAC-008,Aged Care Ward,2025-11-13,Thursday,Evening,33,2.76,6.0,5,1,5,1,0,0,0.0,5.5,No,26.9
ROS-330529,FAC-008,Aged Care Ward,2025-11-18,Tuesday,Day,27,2.66,6.0,3,1,3,1,0,0,0.0,6.75,No,35.0
ROS-330617,FAC-008,Aged Care Ward,2025-12-17,Wednesday,Evening,34,2.48,6.0,4,2,4,2,1,1,1.7,5.67,No,39.1
ROS-330650,FAC-008,Aged Care Ward,2025-12-28,Sunday,Evening,26,1.78,6.0,3,1,3,1,0,0,0.0,6.5,No,27.7
ROS-330702,FAC-008,Surgical Ward,2025-01-14,Tuesday,Night,28,2.46,4.5,4,2,4,2,0,0,0.4,4.67,No,43.8
ROS-330710,FAC-008,Surgical Ward,2025-01-17,Friday,Evening,24,2.54,4.5,3,1,3,1,0,0,1.1,6.0,Yes,33.0
ROS-330800,FAC-008,Surgical Ward,2025-02-16,Sunday,Evening,27,3.45,4.5,5,1,4,1,0,1,1.3,5.4,Yes,35.7
ROS-330813,FAC-008,Surgical Ward,2025-02-20,Thursday,Night,18,3.04,4.5,3,2,3,2,0,0,0.0,3.6,No,21.7
ROS-330819,FAC-008,Surgical Ward,2025-02-22,Saturday,Night,21,1.35,4.5,4,2,4,2,0,0,0.0,3.5,No,51.3
ROS-330972,FAC-008,Surgical Ward,2025-04-14,Monday,Night,26,2.49,4.5,5,2,5,2,0,0,3.0,3.71,No,42.4
ROS-330974,FAC-008,Surgical Ward,2025-04-15,Tuesday,Evening,29,3.15,4.5,4,2,4,2,0,0,2.9,4.83,No,39.9
ROS-331016,FAC-008,Surgical Ward,2025-04-29,Tuesday,Evening,24,1.0,4.5,4,2,4,2,0,0,0.0,4.0,No,28.5
ROS-331018,FAC-008,Surgical Ward,2025-04-30,Wednesday,Day,26,2.71,4.5,4,2,3,2,0,1,1.9,5.2,Yes,45.3
ROS-331051,FAC-008,Surgical Ward,2025-05-11,Sunday,Day,25,1.73,4.5,4,2,4,2,1,1,1.2,4.17,No,22.3
ROS-331069,FAC-008,Surgical Ward,2025-05-17,Saturday,Day,25,2.31,4.5,4,2,4,2,0,0,0.0,4.17,No,38.4
ROS-331082,FAC-008,Surgical Ward,2025-05-21,Wednesday,Evening,25,1.3,4.5,4,1,4,1,0,0,1.1,5.0,No,61.0
ROS-331104,FAC-008,Surgical Ward,2025-05-28,Wednesday,Night,31,2.19,4.5,6,2,6,2,0,0,0.0,3.88,No,44.7
ROS-331118,FAC-008,Surgical Ward,2025-06-02,Monday,Evening,27,3.33,4.5,5,3,5,3,0,0,0.6,3.38,No,36.1
ROS-331127,FAC-008,Surgical Ward,2025-06-05,Thursday,Evening,21,2.83,4.5,4,1,4,1,0,0,2.3,4.2,No,45.1
ROS-331236,FAC-008,Surgical Ward,2025-07-11,Friday,Night,25,2.32,4.5,4,3,3,3,1,2,4.1,4.17,No,39.7
ROS-331345,FAC-008,Surgical Ward,2025-08-17,Sunday,Day,30,3.64,4.5,5,2,5,2,0,0,0.2,4.29,No,56.5
ROS-331392,FAC-008,Surgical Ward,2025-09-01,Monday,Night,29,1.53,4.5,4,1,4,1,0,0,0.0,5.8,Yes,21.3
ROS-331409,FAC-008,Surgical Ward,2025-09-07,Sunday,Evening,25,2.22,4.5,4,2,4,2,0,0,0.0,4.17,No,29.0
ROS-331482,FAC-008,Surgical Ward,2025-10-01,Wednesday,Night,24,2.73,4.5,4,2,4,2,0,0,1.1,4.0,No,33.8
ROS-331483,FAC-008,Surgical Ward,2025-10-02,Thursday,Day,24,2.97,4.5,4,1,4,1,0,0,0.0,4.8,No,35.0
ROS-331539,FAC-008,Surgical Ward,2025-10-20,Monday,Night,21,2.91,4.5,4,2,3,2,1,2,1.8,4.2,No,39.3
ROS-331604,FAC-008,Surgical Ward,2025-11-11,Tuesday,Evening,26,2.77,4.5,4,1,4,1,0,0,0.0,5.2,Yes,50.0
ROS-331662,FAC-008,Surgical Ward,2025-11-30,Sunday,Night,27,2.54,4.5,4,1,4,1,0,0,0.0,5.4,Yes,29.4
ROS-331703,FAC-008,Surgical Ward,2025-12-14,Sunday,Evening,26,1.09,4.5,4,1,4,1,3,4,2.0,5.2,Yes,44.3
ROS-331786,FAC-008,Coronary Care Unit,2025-01-11,Saturday,Day,10,3.36,1.5,5,2,5,2,0,0,2.6,1.43,No,44.4
ROS-331823,FAC-008,Coronary Care Unit,2025-01-23,Thursday,Evening,10,3.13,1.5,5,2,5,2,0,0,2.0,1.43,No,34.1
ROS-331847,FAC-008,Coronary Care Unit,2025-01-31,Friday,Evening,13,1.72,1.5,7,2,7,2,1,1,2.0,1.44,No,32.6
ROS-331874,FAC-008,Coronary Care Unit,2025-02-09,Sunday,Evening,14,3.32,1.5,6,2,6,2,0,0,1.2,1.75,Yes,34.6
ROS-331983,FAC-008,Coronary Care Unit,2025-03-17,Monday,Night,12,4.28,1.5,5,2,5,2,1,1,4.2,1.71,No,22.7
ROS-332083,FAC-008,Coronary Care Unit,2025-04-20,Sunday,Day,13,3.37,1.5,5,3,5,3,0,0,0.9,1.62,No,51.0
ROS-332221,FAC-008,Coronary Care Unit,2025-06-05,Thursday,Day,13,2.78,1.5,5,3,5,3,0,0,1.9,1.62,No,42.7
ROS-332241,FAC-008,Coronary Care Unit,2025-06-11,Wednesday,Night,10,1.71,1.5,5,2,5,2,0,0,1.3,1.43,No,33.8
ROS-332280,FAC-008,Coronary Care Unit,2025-06-24,Tuesday,Night,10,3.09,1.5,4,3,4,3,0,0,0.0,1.43,No,45.5
ROS-332337,FAC-008,Coronary Care Unit,2025-07-13,Sunday,Night,12,2.76,1.5,5,3,5,3,0,0,1.0,1.5,No,39.8
ROS-332342,FAC-008,Coronary Care Unit,2025-07-15,Tuesday,Evening,13,3.03,1.5,6,2,5,2,0,1,6.1,1.86,Yes,36.9
ROS-332346,FAC-008,Coronary Care Unit,2025-07-16,Wednesday,Night,10,3.52,1.5,4,3,4,3,0,0,3.0,1.43,No,44.8
ROS-332354,FAC-008,Coronary Care Unit,2025-07-19,Saturday,Evening,13,3.27,1.5,7,3,7,3,0,0,1.0,1.3,No,42.7
ROS-332371,FAC-008,Coronary Care Unit,2025-07-25,Friday,Day,13,3.11,1.5,6,5,6,5,0,0,0.0,1.18,No,46.1
ROS-332403,FAC-008,Coronary Care Unit,2025-08-04,Monday,Night,14,2.88,1.5,7,4,7,4,0,0,0.0,1.27,No,27.5
ROS-332423,FAC-008,Coronary Care Unit,2025-08-11,Monday,Evening,9,2.92,1.5,4,2,4,2,0,0,0.0,1.5,No,28.7
ROS-332484,FAC-008,Coronary Care Unit,2025-08-31,Sunday,Night,12,3.4,1.5,6,2,6,2,1,1,1.0,1.5,No,51.2
ROS-332500,FAC-008,Coronary Care Unit,2025-09-06,Saturday,Day,12,4.32,1.5,5,2,5,2,0,0,0.0,1.71,No,25.0
ROS-332625,FAC-008,Coronary Care Unit,2025-10-17,Friday,Night,10,3.04,1.5,5,2,5,2,0,0,1.2,1.43,No,36.0
ROS-332637,FAC-008,Coronary Care Unit,2025-10-21,Tuesday,Night,10,2.9,1.5,5,2,4,2,2,3,9.5,1.67,No,42.1
ROS-332640,FAC-008,Coronary Care Unit,2025-10-22,Wednesday,Night,14,3.28,1.5,7,3,7,3,0,0,0.6,1.4,No,29.1
ROS-332662,FAC-008,Coronary Care Unit,2025-10-30,Thursday,Day,12,3.04,1.5,5,3,5,3,1,1,0.3,1.5,No,41.6
ROS-332779,FAC-008,Coronary Care Unit,2025-12-08,Monday,Day,12,2.16,1.5,6,3,6,3,0,0,0.0,1.33,No,26.2
